Offer,Description,Coupon Code,Image,Link,Eligible Credit Cards,Eligible Debit Cards
Tata Neu HDFC Bank Credit Cards,"A new flying experience awaits you at Air India! 
Air India partners with Tata Neu HDFC Bank Credit Cards to make your travel even more rewarding.

smartphone
Book your tickets via the Air India web or app with your Tata Neu HDFC Bank Credit Card

tag
Get 5% back as NeuCoins  with Tata Neu Infinity HDFC Bank Credit Card

discount
Get 2% back as NeuCoins  with Tata Neu Plus HDFC Bank Credit Card

And thats not it, there are more benefits for you! 

Avail Complimentary Lounge Access 
Make your journey seamless and full of rich experiences, with complimentary airport lounge access    

Get  complimentary access to 8 domestic & 4 International lounges annually with Tata Neu Infinity HDFC Bank Credit Card.  
Get  complimentary access to 4 domestic lounges annually with Tata Neu Plus HDFC Bank Credit Card. 
Earn NeuCoins on your Shopping and Payments:
Each time you spend, you get rewarded with NeuCoins 

Get rewarded with 5% and 2% NeuCoins on purchases at Tata Neu and  at popular Tata brands on the card variants respectively 
Get rewarded with 5% and 2% NeuCoins on insurance, utility bill payments and recharges  at Tata Neu on the card variants respectively
Get rewarded with 1.5% and 1% NeuCoins on Domestic & International spends everywhere else  on the card variants respectively 
Redeem your NeuCoins  on your next purchase: 
Redeem your NeuCoins to make your shopping extra rewarding! 

Make purchases with NeuCoins across categories like electronics, fashion, travel, hospitality, groceries, and pharmacy on Tata Neu and all partner Tata brands 
1 NeuCoin = ₹1  
For detailed information and terms and conditions, please visit https://www.tatadigital.com/creditcard/   

Information
Terms and Conditions

Any person availing of this offer shall be deemed to have accepted these Terms and Conditions.

Tata Neu in consultation with Air India reserves the right, at any time, without prior notice and without assigning any reason whatsoever, to add/alter/modify/change or vary the terms and conditions or to replace, wholly or in part, this offer by another offer, whether similar to this offer or not, or to extend or withdraw it altogether.
Air India shall not be liable for non-fulfilment of any terms of this Offer in full or in part due to any reason beyond Air Indias control.
The Offer is provided on an AS-IS basis and subject to change without prior notice. By entering the Offer, the Customer agrees that Tata Neu and Air India shall not be liable for any claims, costs, injuries, losses, or damages of any kind arising out of or in connection with the Offer.
Air India is only providing an option to the customers to transact with the help of Tata Neu HDFC Bank Credit Cards and will not be liable in any manner with regard to any claims that may arise out of or in connection to the offer availed by such customer.
This offer is valid for Indian residents and citizens only.
This offer is non-transferrable, non-cashable, not extendable, and non-negotiable.
All standard terms and conditions of the Air India website and app including the Privacy Notice, as well as the Tata Neu Terms of Service (https://www.tatadigital.com/legal), shall be applicable.",,https://dmlib.airindia.com/adobe/assets/urn:aaid:aem:498b80fe-8aa9-4a8f-86b0-1b34b283d22c/as/neu-card.webp,https://www.airindia.com/in/en/tata-neu-hdfc-credit-card-offers.html,Tata Neu Plus HDFC Bank Credit Card,nan
Tata Neu HDFC Bank Credit Cards,"A new flying experience awaits you at Air India! 
Air India partners with Tata Neu HDFC Bank Credit Cards to make your travel even more rewarding.

smartphone
Book your tickets via the Air India web or app with your Tata Neu HDFC Bank Credit Card

tag
Get 5% back as NeuCoins  with Tata Neu Infinity HDFC Bank Credit Card

discount
Get 2% back as NeuCoins  with Tata Neu Plus HDFC Bank Credit Card

And thats not it, there are more benefits for you! 

Avail Complimentary Lounge Access 
Make your journey seamless and full of rich experiences, with complimentary airport lounge access    

Get  complimentary access to 8 domestic & 4 International lounges annually with Tata Neu Infinity HDFC Bank Credit Card.  
Get  complimentary access to 4 domestic lounges annually with Tata Neu Plus HDFC Bank Credit Card. 
Earn NeuCoins on your Shopping and Payments:
Each time you spend, you get rewarded with NeuCoins 

Get rewarded with 5% and 2% NeuCoins on purchases at Tata Neu and  at popular Tata brands on the card variants respectively 
Get rewarded with 5% and 2% NeuCoins on insurance, utility bill payments and recharges  at Tata Neu on the card variants respectively
Get rewarded with 1.5% and 1% NeuCoins on Domestic & International spends everywhere else  on the card variants respectively 
Redeem your NeuCoins  on your next purchase: 
Redeem your NeuCoins to make your shopping extra rewarding! 

Make purchases with NeuCoins across categories like electronics, fashion, travel, hospitality, groceries, and pharmacy on Tata Neu and all partner Tata brands 
1 NeuCoin = ₹1  
For detailed information and terms and conditions, please visit https://www.tatadigital.com/creditcard/   

Information
Terms and Conditions

Any person availing of this offer shall be deemed to have accepted these Terms and Conditions.

Tata Neu in consultation with Air India reserves the right, at any time, without prior notice and without assigning any reason whatsoever, to add/alter/modify/change or vary the terms and conditions or to replace, wholly or in part, this offer by another offer, whether similar to this offer or not, or to extend or withdraw it altogether.
Air India shall not be liable for non-fulfilment of any terms of this Offer in full or in part due to any reason beyond Air Indias control.
The Offer is provided on an AS-IS basis and subject to change without prior notice. By entering the Offer, the Customer agrees that Tata Neu and Air India shall not be liable for any claims, costs, injuries, losses, or damages of any kind arising out of or in connection with the Offer.
Air India is only providing an option to the customers to transact with the help of Tata Neu HDFC Bank Credit Cards and will not be liable in any manner with regard to any claims that may arise out of or in connection to the offer availed by such customer.
This offer is valid for Indian residents and citizens only.
This offer is non-transferrable, non-cashable, not extendable, and non-negotiable.
All standard terms and conditions of the Air India website and app including the Privacy Notice, as well as the Tata Neu Terms of Service (https://www.tatadigital.com/legal), shall be applicable.",,https://dmlib.airindia.com/adobe/assets/urn:aaid:aem:498b80fe-8aa9-4a8f-86b0-1b34b283d22c/as/neu-card.webp,https://www.airindia.com/in/en/tata-neu-hdfc-credit-card-offers.html,Tata Neu Infinity HDFC Bank Credit Card,nan
"American Express
Get 10X Membership Rewards® points when you book with American Express Platinum & Centurion Cards.","Offer Summary:
Get 10X Membership Rewards® points on booking flights with American Express Platinum & Centurion Cards.
Get 5X Membership Rewards® Points on booking flights with American Express® Platinum ReserveSM Card.
Get 2X Membership Rewards® Points on booking flights with American Express® Platinum Corporate Card.
American Express® Terms and Conditions
This Offer is open to only American Express Centurion, American Express Platinum, American Express Platinum Corporate Card and American Express Platinum Reserve Cardmembers whose accounts are valid and in good standing. An American Express Cardmember for the purpose of this Offer means a person holding an American Express® Centurion Card, American Express® Platinum Card, and American Express® Platinum ReserveSM Cards issued by American Express Banking Corp. in India.
The Offer is only valid for select American Express Corporate Cards issued by American Express Banking Corp. in India.
The offer is not valid for Cards issued by a third party bearing the name or trademark or service mark or logo of American Express (""Network Cards "") issued in India.
In case the Card account is cancelled before the time of offer fulfilment, Cardmember will not be eligible for the offer benefit.
The offer in this program will be fulfilled by American Express.
The offer would be valid on above mentioned Cards issued in India only.
This offer is being made purely on a best effort basis. Cardmembers are not bound in any manner to participate in this offer and any such participation is purely voluntary.
American Express is only responsible for the crediting of the Membership Rewards® Points into the linked Card account. The redemption is not limited or cannot be held against American Express.
American Express reserves the right at any time without prior notice to add/ alter/ modify/ change all of these Terms & Conditions or to replace wholly, or in part, the Offer by other Offers, whether similar to this Offer or not, or to withdraw it altogether.
This program is being offered by the participating service establishment only and shall be valid for the period mentioned in the offer.
American Express is neither responsible for availability of services nor guarantees the quality of the goods/services and is not liable for any defect or deficiency of goods or services so obtained/availed of by the Cardmembers under this Offer. Any disputes with regard to the quality of goods/services availed shall be taken up with the merchant/service establishment directly. American Express shall have no liability whatsoever with regard to the same.
American Express reserves its absolute right to withdraw and/or alter any of the terms and conditions of the Offer at any time without prior notice.
Nothing expressed or implied in the Offer shall in any way waive or amend any of the terms and conditions of the existing Cardmember agreement with the Card issuer.
Any disputes arising out of and in connection with this program shall be subject to the exclusive jurisdiction of the courts in the state of Delhi only.
This offer is subject to partner Terms and Conditions mentioned below.
RewardXcelerator Terms and Conditions
Promotional Offer:
Offer 1:  Get 10X Membership Rewards Points on each spend on your card at participating merchants.

Centurion Card: Cardmember will receive 6 Membership Rewards points (Standard American Express Membership Rewards) and additional 54 Bonus Membership Rewards points for every INR 200 Spent on Centurion Card.
Platinum Card: Cardmember will receive 1 Membership Rewards point (Standard American Express Membership Rewards) and additional 9 Bonus Membership Rewards points for every INR 40 Spent on Platinum Card.
Eligible Cards: American Express Centurion and Platinum Cards only
Validity*: This offer is valid from 21st Aug2025 till 31st July2026 (both days included)
Offer 2:  Get 5X Membership Rewards Points on each spend on your card at participating merchants.

American Express® Platinum ReserveSM  Card: Cardmember will receive 1 Membership Rewards points (Standard American Express Membership Rewards) and additional 4 Bonus Membership Rewards points for every INR 50 Spent on American Express® Platinum ReserveSM Card.
Eligible Cards: American Express® Platinum ReserveSM Cards only
Validity*: This offer is valid from 21st Aug2025 till 31st July2026 (both days included)
Offer 3:  Get 2X* Membership Rewards Points on each spend on your card at participating merchants.

American Express® Platinum Corporate Card: Cardmember will receive 1 Membership Rewards point (Standard American Express Membership Rewards) and additional 1 Bonus Membership Rewards point for every INR 40 Spent on American Express®  Platinum Corporate Card.
Eligible Cards: American Express® Platinum Corporate Cards only
Validity*: This offer is valid from 21st Aug2025 till 31st July2026 (both days included)
The above-mentioned Bonus Membership Rewards Points is for illustration purposes only.

Steps to avail the offer:
The Cardmember transacts on their eligible American Express Card and with participating merchants to make a purchase during offer period.
The Standard and Bonus Membership Rewards® Points will get credited to Cardmembers account by American Express as per regular American Express process.
Please refer to the landing page mentioned below for details of the participating partners and fulfilment: https://www.americanexpress.com/en-in/benefits/rewards/reward-xcelerator/index.html
The offer will be applicable on the transactions taken only on the listed official partner website or the store.
Offer Terms and Conditions:
There is no minimum spend required to be eligible for/avail the offer.
There is no maximum capping on the number of Membership Rewards points that can be earned by the Cardmember under this offer.
The offer with Air India is applicable only on the INR transactions made with Air India official website and/or Air India mobile app and its not valid for transactions made via travel agents, IVR, Online Travel Agent, any Air India offline counter and/or via any other available channel(s). Transactions made on a currency other than INR will not be applicable for this program.
Air India Limited reserves the right to take appropriate action that it deems fit in case of any fraudulent activity including creating duplicate accounts.
The offer can be availed multiple times during offer period.
The offer is also applicable on transactions taken with Supplementary Card(s).
Standard and additional Membership Rewards points are awarded to the Basic Card Account only. Eligible spending made on all Supplementary Card(s) will be considered as the cumulative spend of the respective Basic Card Account.
To qualify for the additional Membership Rewards points, the Card Account must be in good standing, not cancelled for any reasons and enrolled successfully in the American Express Membership Rewards Program.
Participation of additional Membership Rewards Program Partners is subject to change without prior notice to Cardmembers. Please refer to the below table for an updated list.
The base Membership Rewards points earned on any transaction shall be governed by the product specific Membership Rewards construct and Membership Rewards terms and conditions. To view Membership Rewards terms and conditions, check here https://www.americanexpress.com/content/dam/amex/en-in/benefits/rewards/membership-rewards/membership-rewards-terms.pdf
In case the merchant accepts payments via third party establishment or aggregator or any change in the Merchants payment acceptance or settlement process, American Express cannot guarantee the credit of Bonus Membership Rewards points on Cardmembers account.
There might be instances wherein the Bonus Membership Rewards points are credited late or are not credited at all and American Express shall not be held liable.
The offer is not applicable on payments done via digital wallets.
Any queries pertaining to awarding the Membership Rewards Points will be entertained till 30 days from the date of transaction.
Refund(s)/reversal(s) initiated (during the offer period) for transactions taken prior to the offer period with participating merchants will result in reversal of Membership Rewards points as per the RewardXelerator Programs offer Earn rate (i.e., 20X, 10X, 5X or 2X).
In case of any queries, Cardmembers can reach out at amex.in/contactus.
Membership Rewards points will be awarded as per regular American Express process. In case there is a refund/cancellation of the order, the Membership Rewards Points (along with additional Membership Rewards points, under this program) will be reversed back from the Cardmembers Account in future credit cycle(s).
The Membership Rewards points will be calculated based on transaction amount billed to eligible American Express Card.
The Net Cart Value is the total cart value arrived at after all applicable discounts including coupon code.
In an instance where the partial payment is done by the Cardmember via Membership Rewards Points / cash / wallet / any other method, the additional Membership Rewards Points will be granted only on such part of the payment which is made using an eligible American Express Card.
Offer can be combined with any other offer/promotion running on the partner site/store.
In an instance where the full payment is done by the cardmember via Membership Rewards Points, there will be no additional Membership Rewards Points extended to the card member on that transaction.
Any person availing this offer shall be deemed to have accepted all the terms and conditions.
Product warranty will be regulated by the Terms and Conditions mentioned on the Warranty Card of respective product/manufacturer.
Any defects in goods or deficiency in services or any claims, issues, damages or losses arising therefrom with respect to the Product/Services shall be the sole responsibility and liability of the manufacturer/Seller or the Service Provider.
Pictorial representation of product(s) in communication(s) sent to the customers is purely representational.
American Express/ Partner reserves the right to cancel an order in case of any fraudulent activity Upon cancellation, the order will not be reinstated.
It is not mandatory for the American Express cardholders to participate in the offer. Participation in the Offer by the card holder is voluntary and free. Participation in the Offer by the Cardholder will be construed as acceptance of the Terms & Conditions of the Offer and Cardholder is advised not to participate in the Offer if such Terms & Conditions are not acceptable.
American Express shall determine, from time to time at its discretion, those transactions which are eligible for credit of additional Membership Rewards Points (as part of this offer) and the number of additional Membership Rewards Points which Cardmember shall earn upon completion of a successful transaction on participating merchant website/store.
Offer is applicable on Indian Issued Cards & INR txns only.
American Express is neither responsible for any deliveries, refunds & exchanges and any additional costs related to deliveries, refunds and exchange. This is to be managed between the Merchant and the Cardmember.
All Bookings made under this Offer shall be subject to Air Indias  conditions of carriage available at  www.airindia.com.",,https://dmlib.airindia.com/adobe/assets/urn:aaid:aem:ecac309c-603c-4eba-a1ad-9ce7b0bb7b2c/as/Partner%20Tile_290x170-updated.webp,https://www.airindia.com/in/en/book/exclusive-deals/amex-offer.html,American Express Platinum Charge Card,nan
"American Express
Get 10X Membership Rewards® points when you book with American Express Platinum & Centurion Cards.","Offer Summary:
Get 10X Membership Rewards® points on booking flights with American Express Platinum & Centurion Cards.
Get 5X Membership Rewards® Points on booking flights with American Express® Platinum ReserveSM Card.
Get 2X Membership Rewards® Points on booking flights with American Express® Platinum Corporate Card.
American Express® Terms and Conditions
This Offer is open to only American Express Centurion, American Express Platinum, American Express Platinum Corporate Card and American Express Platinum Reserve Cardmembers whose accounts are valid and in good standing. An American Express Cardmember for the purpose of this Offer means a person holding an American Express® Centurion Card, American Express® Platinum Card, and American Express® Platinum ReserveSM Cards issued by American Express Banking Corp. in India.
The Offer is only valid for select American Express Corporate Cards issued by American Express Banking Corp. in India.
The offer is not valid for Cards issued by a third party bearing the name or trademark or service mark or logo of American Express (""Network Cards "") issued in India.
In case the Card account is cancelled before the time of offer fulfilment, Cardmember will not be eligible for the offer benefit.
The offer in this program will be fulfilled by American Express.
The offer would be valid on above mentioned Cards issued in India only.
This offer is being made purely on a best effort basis. Cardmembers are not bound in any manner to participate in this offer and any such participation is purely voluntary.
American Express is only responsible for the crediting of the Membership Rewards® Points into the linked Card account. The redemption is not limited or cannot be held against American Express.
American Express reserves the right at any time without prior notice to add/ alter/ modify/ change all of these Terms & Conditions or to replace wholly, or in part, the Offer by other Offers, whether similar to this Offer or not, or to withdraw it altogether.
This program is being offered by the participating service establishment only and shall be valid for the period mentioned in the offer.
American Express is neither responsible for availability of services nor guarantees the quality of the goods/services and is not liable for any defect or deficiency of goods or services so obtained/availed of by the Cardmembers under this Offer. Any disputes with regard to the quality of goods/services availed shall be taken up with the merchant/service establishment directly. American Express shall have no liability whatsoever with regard to the same.
American Express reserves its absolute right to withdraw and/or alter any of the terms and conditions of the Offer at any time without prior notice.
Nothing expressed or implied in the Offer shall in any way waive or amend any of the terms and conditions of the existing Cardmember agreement with the Card issuer.
Any disputes arising out of and in connection with this program shall be subject to the exclusive jurisdiction of the courts in the state of Delhi only.
This offer is subject to partner Terms and Conditions mentioned below.
RewardXcelerator Terms and Conditions
Promotional Offer:
Offer 1:  Get 10X Membership Rewards Points on each spend on your card at participating merchants.

Centurion Card: Cardmember will receive 6 Membership Rewards points (Standard American Express Membership Rewards) and additional 54 Bonus Membership Rewards points for every INR 200 Spent on Centurion Card.
Platinum Card: Cardmember will receive 1 Membership Rewards point (Standard American Express Membership Rewards) and additional 9 Bonus Membership Rewards points for every INR 40 Spent on Platinum Card.
Eligible Cards: American Express Centurion and Platinum Cards only
Validity*: This offer is valid from 21st Aug2025 till 31st July2026 (both days included)
Offer 2:  Get 5X Membership Rewards Points on each spend on your card at participating merchants.

American Express® Platinum ReserveSM  Card: Cardmember will receive 1 Membership Rewards points (Standard American Express Membership Rewards) and additional 4 Bonus Membership Rewards points for every INR 50 Spent on American Express® Platinum ReserveSM Card.
Eligible Cards: American Express® Platinum ReserveSM Cards only
Validity*: This offer is valid from 21st Aug2025 till 31st July2026 (both days included)
Offer 3:  Get 2X* Membership Rewards Points on each spend on your card at participating merchants.

American Express® Platinum Corporate Card: Cardmember will receive 1 Membership Rewards point (Standard American Express Membership Rewards) and additional 1 Bonus Membership Rewards point for every INR 40 Spent on American Express®  Platinum Corporate Card.
Eligible Cards: American Express® Platinum Corporate Cards only
Validity*: This offer is valid from 21st Aug2025 till 31st July2026 (both days included)
The above-mentioned Bonus Membership Rewards Points is for illustration purposes only.

Steps to avail the offer:
The Cardmember transacts on their eligible American Express Card and with participating merchants to make a purchase during offer period.
The Standard and Bonus Membership Rewards® Points will get credited to Cardmembers account by American Express as per regular American Express process.
Please refer to the landing page mentioned below for details of the participating partners and fulfilment: https://www.americanexpress.com/en-in/benefits/rewards/reward-xcelerator/index.html
The offer will be applicable on the transactions taken only on the listed official partner website or the store.
Offer Terms and Conditions:
There is no minimum spend required to be eligible for/avail the offer.
There is no maximum capping on the number of Membership Rewards points that can be earned by the Cardmember under this offer.
The offer with Air India is applicable only on the INR transactions made with Air India official website and/or Air India mobile app and its not valid for transactions made via travel agents, IVR, Online Travel Agent, any Air India offline counter and/or via any other available channel(s). Transactions made on a currency other than INR will not be applicable for this program.
Air India Limited reserves the right to take appropriate action that it deems fit in case of any fraudulent activity including creating duplicate accounts.
The offer can be availed multiple times during offer period.
The offer is also applicable on transactions taken with Supplementary Card(s).
Standard and additional Membership Rewards points are awarded to the Basic Card Account only. Eligible spending made on all Supplementary Card(s) will be considered as the cumulative spend of the respective Basic Card Account.
To qualify for the additional Membership Rewards points, the Card Account must be in good standing, not cancelled for any reasons and enrolled successfully in the American Express Membership Rewards Program.
Participation of additional Membership Rewards Program Partners is subject to change without prior notice to Cardmembers. Please refer to the below table for an updated list.
The base Membership Rewards points earned on any transaction shall be governed by the product specific Membership Rewards construct and Membership Rewards terms and conditions. To view Membership Rewards terms and conditions, check here https://www.americanexpress.com/content/dam/amex/en-in/benefits/rewards/membership-rewards/membership-rewards-terms.pdf
In case the merchant accepts payments via third party establishment or aggregator or any change in the Merchants payment acceptance or settlement process, American Express cannot guarantee the credit of Bonus Membership Rewards points on Cardmembers account.
There might be instances wherein the Bonus Membership Rewards points are credited late or are not credited at all and American Express shall not be held liable.
The offer is not applicable on payments done via digital wallets.
Any queries pertaining to awarding the Membership Rewards Points will be entertained till 30 days from the date of transaction.
Refund(s)/reversal(s) initiated (during the offer period) for transactions taken prior to the offer period with participating merchants will result in reversal of Membership Rewards points as per the RewardXelerator Programs offer Earn rate (i.e., 20X, 10X, 5X or 2X).
In case of any queries, Cardmembers can reach out at amex.in/contactus.
Membership Rewards points will be awarded as per regular American Express process. In case there is a refund/cancellation of the order, the Membership Rewards Points (along with additional Membership Rewards points, under this program) will be reversed back from the Cardmembers Account in future credit cycle(s).
The Membership Rewards points will be calculated based on transaction amount billed to eligible American Express Card.
The Net Cart Value is the total cart value arrived at after all applicable discounts including coupon code.
In an instance where the partial payment is done by the Cardmember via Membership Rewards Points / cash / wallet / any other method, the additional Membership Rewards Points will be granted only on such part of the payment which is made using an eligible American Express Card.
Offer can be combined with any other offer/promotion running on the partner site/store.
In an instance where the full payment is done by the cardmember via Membership Rewards Points, there will be no additional Membership Rewards Points extended to the card member on that transaction.
Any person availing this offer shall be deemed to have accepted all the terms and conditions.
Product warranty will be regulated by the Terms and Conditions mentioned on the Warranty Card of respective product/manufacturer.
Any defects in goods or deficiency in services or any claims, issues, damages or losses arising therefrom with respect to the Product/Services shall be the sole responsibility and liability of the manufacturer/Seller or the Service Provider.
Pictorial representation of product(s) in communication(s) sent to the customers is purely representational.
American Express/ Partner reserves the right to cancel an order in case of any fraudulent activity Upon cancellation, the order will not be reinstated.
It is not mandatory for the American Express cardholders to participate in the offer. Participation in the Offer by the card holder is voluntary and free. Participation in the Offer by the Cardholder will be construed as acceptance of the Terms & Conditions of the Offer and Cardholder is advised not to participate in the Offer if such Terms & Conditions are not acceptable.
American Express shall determine, from time to time at its discretion, those transactions which are eligible for credit of additional Membership Rewards Points (as part of this offer) and the number of additional Membership Rewards Points which Cardmember shall earn upon completion of a successful transaction on participating merchant website/store.
Offer is applicable on Indian Issued Cards & INR txns only.
American Express is neither responsible for any deliveries, refunds & exchanges and any additional costs related to deliveries, refunds and exchange. This is to be managed between the Merchant and the Cardmember.
All Bookings made under this Offer shall be subject to Air Indias  conditions of carriage available at  www.airindia.com.",,https://dmlib.airindia.com/adobe/assets/urn:aaid:aem:ecac309c-603c-4eba-a1ad-9ce7b0bb7b2c/as/Partner%20Tile_290x170-updated.webp,https://www.airindia.com/in/en/book/exclusive-deals/amex-offer.html,American Express Platinum Travel Credit Card,nan
"American Express
Get 10X Membership Rewards® points when you book with American Express Platinum & Centurion Cards.","Offer Summary:
Get 10X Membership Rewards® points on booking flights with American Express Platinum & Centurion Cards.
Get 5X Membership Rewards® Points on booking flights with American Express® Platinum ReserveSM Card.
Get 2X Membership Rewards® Points on booking flights with American Express® Platinum Corporate Card.
American Express® Terms and Conditions
This Offer is open to only American Express Centurion, American Express Platinum, American Express Platinum Corporate Card and American Express Platinum Reserve Cardmembers whose accounts are valid and in good standing. An American Express Cardmember for the purpose of this Offer means a person holding an American Express® Centurion Card, American Express® Platinum Card, and American Express® Platinum ReserveSM Cards issued by American Express Banking Corp. in India.
The Offer is only valid for select American Express Corporate Cards issued by American Express Banking Corp. in India.
The offer is not valid for Cards issued by a third party bearing the name or trademark or service mark or logo of American Express (""Network Cards "") issued in India.
In case the Card account is cancelled before the time of offer fulfilment, Cardmember will not be eligible for the offer benefit.
The offer in this program will be fulfilled by American Express.
The offer would be valid on above mentioned Cards issued in India only.
This offer is being made purely on a best effort basis. Cardmembers are not bound in any manner to participate in this offer and any such participation is purely voluntary.
American Express is only responsible for the crediting of the Membership Rewards® Points into the linked Card account. The redemption is not limited or cannot be held against American Express.
American Express reserves the right at any time without prior notice to add/ alter/ modify/ change all of these Terms & Conditions or to replace wholly, or in part, the Offer by other Offers, whether similar to this Offer or not, or to withdraw it altogether.
This program is being offered by the participating service establishment only and shall be valid for the period mentioned in the offer.
American Express is neither responsible for availability of services nor guarantees the quality of the goods/services and is not liable for any defect or deficiency of goods or services so obtained/availed of by the Cardmembers under this Offer. Any disputes with regard to the quality of goods/services availed shall be taken up with the merchant/service establishment directly. American Express shall have no liability whatsoever with regard to the same.
American Express reserves its absolute right to withdraw and/or alter any of the terms and conditions of the Offer at any time without prior notice.
Nothing expressed or implied in the Offer shall in any way waive or amend any of the terms and conditions of the existing Cardmember agreement with the Card issuer.
Any disputes arising out of and in connection with this program shall be subject to the exclusive jurisdiction of the courts in the state of Delhi only.
This offer is subject to partner Terms and Conditions mentioned below.
RewardXcelerator Terms and Conditions
Promotional Offer:
Offer 1:  Get 10X Membership Rewards Points on each spend on your card at participating merchants.

Centurion Card: Cardmember will receive 6 Membership Rewards points (Standard American Express Membership Rewards) and additional 54 Bonus Membership Rewards points for every INR 200 Spent on Centurion Card.
Platinum Card: Cardmember will receive 1 Membership Rewards point (Standard American Express Membership Rewards) and additional 9 Bonus Membership Rewards points for every INR 40 Spent on Platinum Card.
Eligible Cards: American Express Centurion and Platinum Cards only
Validity*: This offer is valid from 21st Aug2025 till 31st July2026 (both days included)
Offer 2:  Get 5X Membership Rewards Points on each spend on your card at participating merchants.

American Express® Platinum ReserveSM  Card: Cardmember will receive 1 Membership Rewards points (Standard American Express Membership Rewards) and additional 4 Bonus Membership Rewards points for every INR 50 Spent on American Express® Platinum ReserveSM Card.
Eligible Cards: American Express® Platinum ReserveSM Cards only
Validity*: This offer is valid from 21st Aug2025 till 31st July2026 (both days included)
Offer 3:  Get 2X* Membership Rewards Points on each spend on your card at participating merchants.

American Express® Platinum Corporate Card: Cardmember will receive 1 Membership Rewards point (Standard American Express Membership Rewards) and additional 1 Bonus Membership Rewards point for every INR 40 Spent on American Express®  Platinum Corporate Card.
Eligible Cards: American Express® Platinum Corporate Cards only
Validity*: This offer is valid from 21st Aug2025 till 31st July2026 (both days included)
The above-mentioned Bonus Membership Rewards Points is for illustration purposes only.

Steps to avail the offer:
The Cardmember transacts on their eligible American Express Card and with participating merchants to make a purchase during offer period.
The Standard and Bonus Membership Rewards® Points will get credited to Cardmembers account by American Express as per regular American Express process.
Please refer to the landing page mentioned below for details of the participating partners and fulfilment: https://www.americanexpress.com/en-in/benefits/rewards/reward-xcelerator/index.html
The offer will be applicable on the transactions taken only on the listed official partner website or the store.
Offer Terms and Conditions:
There is no minimum spend required to be eligible for/avail the offer.
There is no maximum capping on the number of Membership Rewards points that can be earned by the Cardmember under this offer.
The offer with Air India is applicable only on the INR transactions made with Air India official website and/or Air India mobile app and its not valid for transactions made via travel agents, IVR, Online Travel Agent, any Air India offline counter and/or via any other available channel(s). Transactions made on a currency other than INR will not be applicable for this program.
Air India Limited reserves the right to take appropriate action that it deems fit in case of any fraudulent activity including creating duplicate accounts.
The offer can be availed multiple times during offer period.
The offer is also applicable on transactions taken with Supplementary Card(s).
Standard and additional Membership Rewards points are awarded to the Basic Card Account only. Eligible spending made on all Supplementary Card(s) will be considered as the cumulative spend of the respective Basic Card Account.
To qualify for the additional Membership Rewards points, the Card Account must be in good standing, not cancelled for any reasons and enrolled successfully in the American Express Membership Rewards Program.
Participation of additional Membership Rewards Program Partners is subject to change without prior notice to Cardmembers. Please refer to the below table for an updated list.
The base Membership Rewards points earned on any transaction shall be governed by the product specific Membership Rewards construct and Membership Rewards terms and conditions. To view Membership Rewards terms and conditions, check here https://www.americanexpress.com/content/dam/amex/en-in/benefits/rewards/membership-rewards/membership-rewards-terms.pdf
In case the merchant accepts payments via third party establishment or aggregator or any change in the Merchants payment acceptance or settlement process, American Express cannot guarantee the credit of Bonus Membership Rewards points on Cardmembers account.
There might be instances wherein the Bonus Membership Rewards points are credited late or are not credited at all and American Express shall not be held liable.
The offer is not applicable on payments done via digital wallets.
Any queries pertaining to awarding the Membership Rewards Points will be entertained till 30 days from the date of transaction.
Refund(s)/reversal(s) initiated (during the offer period) for transactions taken prior to the offer period with participating merchants will result in reversal of Membership Rewards points as per the RewardXelerator Programs offer Earn rate (i.e., 20X, 10X, 5X or 2X).
In case of any queries, Cardmembers can reach out at amex.in/contactus.
Membership Rewards points will be awarded as per regular American Express process. In case there is a refund/cancellation of the order, the Membership Rewards Points (along with additional Membership Rewards points, under this program) will be reversed back from the Cardmembers Account in future credit cycle(s).
The Membership Rewards points will be calculated based on transaction amount billed to eligible American Express Card.
The Net Cart Value is the total cart value arrived at after all applicable discounts including coupon code.
In an instance where the partial payment is done by the Cardmember via Membership Rewards Points / cash / wallet / any other method, the additional Membership Rewards Points will be granted only on such part of the payment which is made using an eligible American Express Card.
Offer can be combined with any other offer/promotion running on the partner site/store.
In an instance where the full payment is done by the cardmember via Membership Rewards Points, there will be no additional Membership Rewards Points extended to the card member on that transaction.
Any person availing this offer shall be deemed to have accepted all the terms and conditions.
Product warranty will be regulated by the Terms and Conditions mentioned on the Warranty Card of respective product/manufacturer.
Any defects in goods or deficiency in services or any claims, issues, damages or losses arising therefrom with respect to the Product/Services shall be the sole responsibility and liability of the manufacturer/Seller or the Service Provider.
Pictorial representation of product(s) in communication(s) sent to the customers is purely representational.
American Express/ Partner reserves the right to cancel an order in case of any fraudulent activity Upon cancellation, the order will not be reinstated.
It is not mandatory for the American Express cardholders to participate in the offer. Participation in the Offer by the card holder is voluntary and free. Participation in the Offer by the Cardholder will be construed as acceptance of the Terms & Conditions of the Offer and Cardholder is advised not to participate in the Offer if such Terms & Conditions are not acceptable.
American Express shall determine, from time to time at its discretion, those transactions which are eligible for credit of additional Membership Rewards Points (as part of this offer) and the number of additional Membership Rewards Points which Cardmember shall earn upon completion of a successful transaction on participating merchant website/store.
Offer is applicable on Indian Issued Cards & INR txns only.
American Express is neither responsible for any deliveries, refunds & exchanges and any additional costs related to deliveries, refunds and exchange. This is to be managed between the Merchant and the Cardmember.
All Bookings made under this Offer shall be subject to Air Indias  conditions of carriage available at  www.airindia.com.",,https://dmlib.airindia.com/adobe/assets/urn:aaid:aem:ecac309c-603c-4eba-a1ad-9ce7b0bb7b2c/as/Partner%20Tile_290x170-updated.webp,https://www.airindia.com/in/en/book/exclusive-deals/amex-offer.html,American Express Platinum Reserv Credit Card,nan
