Offer,Description,Image,Link,Coupon Code,Eligible Credit Cards,Eligible Debit Cards,Net Banking,UPI,Non-Payments-Offers
AU Small Finance Bank,"Up to Rs. 4,500 off on flight bookings. T&C apply.",https://www.goindigo.in/content/dam/s6web/in/en/assets/homepage/au-bank-1-28-2026/Au-bank-WEB-ASSETS-OPT-Offer-Page-Tile-NewSize-copy.jpg,https://www.goindigo.in/campaigns/indigo-offers/au-bank-offer.html?linkNav=AUBank2026%7CFlightoffers,,AU Altura Credit Card,,,,
AU Small Finance Bank,"Up to Rs. 4,500 off on flight bookings. T&C apply.",https://www.goindigo.in/content/dam/s6web/in/en/assets/homepage/au-bank-1-28-2026/Au-bank-WEB-ASSETS-OPT-Offer-Page-Tile-NewSize-copy.jpg,https://www.goindigo.in/campaigns/indigo-offers/au-bank-offer.html?linkNav=AUBank2026%7CFlightoffers,,AU Altura Plus Credit Card,,,,
AU Small Finance Bank,"Up to Rs. 4,500 off on flight bookings. T&C apply.",https://www.goindigo.in/content/dam/s6web/in/en/assets/homepage/au-bank-1-28-2026/Au-bank-WEB-ASSETS-OPT-Offer-Page-Tile-NewSize-copy.jpg,https://www.goindigo.in/campaigns/indigo-offers/au-bank-offer.html?linkNav=AUBank2026%7CFlightoffers,,AU Bank Instapay Credit Card,,,,
AU Small Finance Bank,"Up to Rs. 4,500 off on flight bookings. T&C apply.",https://www.goindigo.in/content/dam/s6web/in/en/assets/homepage/au-bank-1-28-2026/Au-bank-WEB-ASSETS-OPT-Offer-Page-Tile-NewSize-copy.jpg,https://www.goindigo.in/campaigns/indigo-offers/au-bank-offer.html?linkNav=AUBank2026%7CFlightoffers,,AU Bank Zenith+ Credit Card,,,,
AU Small Finance Bank,"Up to Rs. 4,500 off on flight bookings. T&C apply.",https://www.goindigo.in/content/dam/s6web/in/en/assets/homepage/au-bank-1-28-2026/Au-bank-WEB-ASSETS-OPT-Offer-Page-Tile-NewSize-copy.jpg,https://www.goindigo.in/campaigns/indigo-offers/au-bank-offer.html?linkNav=AUBank2026%7CFlightoffers,,AU LIT Credit Card,,,,
AU Small Finance Bank,"Up to Rs. 4,500 off on flight bookings. T&C apply.",https://www.goindigo.in/content/dam/s6web/in/en/assets/homepage/au-bank-1-28-2026/Au-bank-WEB-ASSETS-OPT-Offer-Page-Tile-NewSize-copy.jpg,https://www.goindigo.in/campaigns/indigo-offers/au-bank-offer.html?linkNav=AUBank2026%7CFlightoffers,,AU Vetta Credit Card,,,,
AU Small Finance Bank,"Up to Rs. 4,500 off on flight bookings. T&C apply.",https://www.goindigo.in/content/dam/s6web/in/en/assets/homepage/au-bank-1-28-2026/Au-bank-WEB-ASSETS-OPT-Offer-Page-Tile-NewSize-copy.jpg,https://www.goindigo.in/campaigns/indigo-offers/au-bank-offer.html?linkNav=AUBank2026%7CFlightoffers,,AU Zenith Credit Card,,,,
AU Small Finance Bank,"Up to Rs. 4,500 off on flight bookings. T&C apply.",https://www.goindigo.in/content/dam/s6web/in/en/assets/homepage/au-bank-1-28-2026/Au-bank-WEB-ASSETS-OPT-Offer-Page-Tile-NewSize-copy.jpg,https://www.goindigo.in/campaigns/indigo-offers/au-bank-offer.html?linkNav=AUBank2026%7CFlightoffers,,Ixigo AU Travel Credit Card,,,,
IndiGo BluChips,Get 50% extra IndiGo BluChips only on goIndiGo.in,https://www.goindigo.in/content/dam/s6web/in/en/assets/offers/new_cards/BluChip_tile.jpg,https://www.goindigo.in/loyalty/tier-benefits.html?linkNav=tier-benefits%7CFlight+offers,,,,,,YES
Unlock IndiGoStretch,Upgrade your booked flight to our business cabin. T&C apply.,https://www.goindigo.in/content/dam/s6web/in/en/assets/add-on-services/fare-lock/Deals-Offers.jpg,https://www.goindigo.in/upgrade-bookings.html?linkNav=Upgrade%20to%20IndiGoStretch%7CMy%20trips%7CTrips,,,,,,YES
Hassle-free cancellation,"Add Zero Cancellation to your booking, starting @ Rs. 499.",https://www.goindigo.in/content/dam/s6web/in/en/assets/offers/new_cards/3x_OPT_Offer_Page_Tile_HCF.jpg,https://www.goindigo.in/add-on-services/free-cancellation-insurance.html?linkNav=free-cancellation-insurance%7CFlight+offers,,,,,,YES
