Serial Number,Credit Card Name,Credit Card Image,Flight Benefit
1,MakeMyTrip ICICI Bank Signature Credit Card,https://static.wixstatic.com/media/f836e8_5f095d9b5541483d965397444e0c81e8~mv2.webp,1 MyCash on every INR 100 spend on flight boking; Flight booking cashback rate: 1%
2,Axis Bank Miles And More World Credit Card,https://static.wixstatic.com/media/f836e8_5ae3062000cd4c4f9dba812c2e18f3d9~mv2.webp,"Users will get 2 miles on spending INR 100 on all spends excluding EMI, wallet recharge, cash withdrawal, etc. These miles can't be converted into cash directly but can be used to book flights with partner airline companies. Value of 1 mile will depend on the flight being booked by you. 
"
3,Axis Horizon Visa Credit Card,,"Reward system:  Cardholder shall earn 5 EDGE Miles on every INR 100 spent on Axis Bank Travel Edge website and on airline spends and 2 EDGE Miles for every INR 100 spent on other spends; The value of 1 EDGE Mile is not fixed, but can be redeemed for booking hotel, flight, etc"
4,SBI Card Miles Elite,https://www.sbicard.com/sbi-card-en/assets/media/images/personal/credit-cards/network-card-images/MILES-Elite_139x218-px-Front.png,"Welcome benefit:  Users will receive 5,000 travel credits on spending â?¹ 1,00,000 within 60 days of card issuance; Reward system:  Users will get 3 travel credits per INR 100 on every travel spend; 1 travel credit per INR 100 on other spends; 1 travel credit = â?¹1 for air mile/hotel point; (General cashback rate: 1%, cashback on travel credits of travel spends: 3%); 1 travel credit = â?¹0; 25%, Cashback on travel credits of travel spends:; 1 travel credit = â?¹0; 50 for travel bookings; 50%, Cashback on travel credits of travel spends: 1; Milestone benefit:  User will receive 20,000 bonus travel credits on reaching annual spends of â?¹12 Lakh"
5,HDFC Bank Infinia Credit Card Metal Edition,https://static.wixstatic.com/media/2a565f_c8c3857cd8014bdf98db1592e91e26d9~mv2.webp,Reward points can be redeemed for: Flight and Hotel Bookings via Smartbuy at a value of 1 RP = Rs1
6,Easy EMI Card,https://static.wixstatic.com/media/2a565f_f1ea75217d1141b08f4211da5c6cfc9e~mv2.webp,"Cashpoints can also be used for redemption against travel benefits like Flight &amp; Customers can get 5% cashback on Amazon, Flipkart, Flight, and hotel bookings on shopping via PayZapp and SmartBuy (minimum transaction size of â?¹2000,&nbsp"
8,Axis Bank Vistara Infinite Credit Card,https://static.wixstatic.com/media/f836e8_b3af0caf0f494805b49693727f392d83~mv2.webp,"Welcome Benefit: As a welcome gift, users will receive a complimentary Business Class flight ticket and Club Vistara Gold membership.Users will earn 6 points for every INR 200 spent. Points can be redeemed for air tickets. The estimated value as per MyRupaya is INR 1.25 for each point. The effective cashback rate is 3.75%.
"
9,IndusInd InterMiles Odyssey Amex Credit Card,https://static.wixstatic.com/media/257766_fd3be31e4c6a43219ee30bc0db61069f~mv2.png,"Users can get 6 InterMiles on weekends when spending INR 100 through the credit card. Cashback rate: Up to 3.00%. 4 on weekdays. Cashback rate: Up to 2%. The value of 1 InterMile is not exact; it depends on the flight you are trying to book. It varies from INR 0.17 to INR 0.50. You can also get 12 InterMiles on weekends when booking flights and hotels through InterMiles.com. Cashback rate: Up to 6.00% and 8 when booking flights on weekdays. Cashback rate: Up to 4.00%.
"
10,HDFC Pixel Play Credit Card,https://static.wixstatic.com/media/f836e8_b2ce0712ecac4bfdbf175406074af437~mv2.jpg,"Cardholder will get 5% cashback on any two packs of your choice - Dining & Entertainment Category ? BookMyShow & Zomato - Travel Category ? MakeMyTrip & Uber - Grocery Category ? Blinkit & Reliance Smart Bazaar - Electronics Category ? Croma & Reliance Digital - Fashion Category ? Nykaa & Myntra.
"
11,Yes Prosperity Edge Credit Card,https://static.wixstatic.com/media/f836e8_d7eacc8b25dc427ba248abf32bdd182f~mv2.webp,"Reward System: 8 Reward Points on every INR 200 on Travel &amp; Travel &amp; 5%, Redemption of Reward Points against Air Miles (10 Reward Points = 1 InterMile / 1 Club Vistara Point)"
12,Paytm HDFC Bank Select Business Credit Card,"data:image/png;base64,iVBORw0KGgoAAAANSUhEUgAAAQgAAAClCAMAAACX3ZNJAAAAwFBMVEUAAAD///+sj4A5MCsODAtzX1adg3aPd2tWR0DJycodGBUrJCBAQECBa2C/v79kU0tIOzW6mouAgICzs7TIppYgICDv7+9gYGCenZ4wMDDf39/Pz8+Pj4/XsqBwcHBlZWVQUFDlvquXl5goKCgaGRmkk4uWh4BrY2CoqKk3Nze6urrBq6ASEhJZWVmyn5XPt6vn5+eHe3VJSUnHu7W5r6ry39WHh4fdwrXszsB5b2vk3NdAOjctKCXVx8CVhX13d3c3FT6oAAAgAElEQVR4nM19C3/auLavsPVw7RjbEAgBkqZNZibtkNnd3fv03Dv3zM33/1ZH6yXJBhIgNLP1awP4rb+13ktLasRtNbm6eLf2y3f4+/THU2/r91/+mex9nzZZL6n/ij7WM3XOdmNf3G0a/GvLwXZtMu0/quzFs8uufcuzbbWLVQBidX3WKytlzZ4dufOdzwEmnRU79ldZ5f8WRv7sauXlrjPf0hYMxGpz5gvHVhUmy1yWmYLeflc5V3YacKh2nkDbbW6yos5xS24cXKFu8p/2lGpKQJx7PEirnK1bAqAsHIyA2g/q0nWF9l0Nh2lnsyb+6rRuLRysPZ3k1jaEmM4ba889FKRt5gDE4pyX1IHui6zu84AiM46OKWyWMBHre+oi2deXloePR8H0LqGLzuhzPm1oEwDirAPC3tBnnm0/ctWFTWUT9lc1/GX+6NllEc+rt9lE0fGoaG7O88DUNh6I+TkvqEoa8rXl7uRNnQGBl8AIYVsj7zhnjpoCYQLFaDwOGIYujPV8xrR8RZIsqorUdI62UqPxWS+ITSRC7jKTw2Prts4KZIONcVbeeZMhKLC9gRO05c552rENixbriFAq+IZ7qz189k1t/TOAKOlJ8x6F60sUjI66mXapsh4vFQSJLpwDqOBQpW+STnsWgUjtlrxva5OfAAR1SNu6xyQcDPrC8SEFsQhNXIPowuJpJgyYGro7UK5oWOkzq1TqpwBBOFRdf/y28M6JS1ArMkCmQumBnUUFqkq7iKTQ9HkBjYZ9Wsjp7axAlPjM9OqzvszQ0NcSNlYus0QCSB8OeaLiP4KU8cxREfdQQ0W8RpLBoVSdj0TOCwS8zRaEQCIoqRlAB3mj76rm7sLvCjsMJ8N5fFpRA1fl7pZucBvY6/mw+s8FAhp2spTx4AUfDnUNFICmVo5mBAlJ7HvG//NCJCmPEDgFUcVBAxqGY3pAknHn1bjfAsROC8XAQ8po9uxOo85YFAwGvd+aewQddvwJ4OTMIJyWw+FKrGi0Io1oKOmXDdxj2xuAuB1d7NiKfRL+hoMaHhiU7YLGsWvKwib7ZVQA8YhdVXVP7CWZqPHoZ7bQhdOBuBjtAqJtVFCXaeiHV+6YXAoT5IDwBwRCMydBJH7dAuK0p3yljV8F4pr8N+Cu2YRv+AE/N5s7MOFvL9T1ZHK1uZ1cKXU3uZ0RPReBhQGvy9PeDlqW/IfDTBCKF/8pQMjQWYdnWuOXqbfT/FCYyMiCx5z7/0v08lxhd2yQGJW3N1EQIHlsi/4tIMIef6/0uf5+IPzwl5dzC1/GO4BI2gy4ZMrFKvTC4JiPYtCJ4bgPiOLTb7uBuJpMZurC/5lNoN0pRV/81s16PJ7eKTnMtwv+Cta1/0lnz2D7Hf48DohJAGJ8ABC3/lRd966Uw08EIRPNqBFIBIAUDDwne9oNxBjejL/5BT/UasNfLmZzGcF0GLQ7MK9hFOMFkMrgxMkdDt7DgZhM8XRgCncDIK4ncK/FZAMfa9g0vxrj0Z5fWgOWtxXOR2pUyTpQr+0DQkjjQrjDLiCW4zkN0/l4PL72PGu19htmfBg8PAwCuMCG+nPNQEzngsOBQOBzeCBuF+PVAAglH2N8RNxBR1trWF2qmg47VqK6ZFQyJBIgtDOZsca6yzIFwo/gqwSIMJR9d8dLfrHqjh5qdXFxrbC/tx4RwWuN43M1ol7j8BmHoTRRxwOxWaWksbpYvAxEr5HFgUMDOGgZuAfzTZs7ccvp1mVimyoBLAAhTSiRgFD8UHD3HinxYddq5g+bj1aR1BmI1VFAAPSjyVquMZ4FVnAoEGRE6U4xXYhanH9CwaIzl44Rbdj5YLKjRgQDMVfIRvmwyQS66//cjoFe4JgAxJyY2cFA0CAK7HCslocBkReeSVjUtclYQE3TpmoxdnhoqYtBqnR1CI8YT5bEI8a8Z3E3ZwcsHHYF0PAT38IFkJ3Cietbv2t2LBAz6OpmQ12dvw6E80wihw6W5EMBB77KhC5MYi6yyQ2Ofhuc9uyNYyBIl9sDBLTlRoDgDVM5DNriGliq/7HEC9wGmloJIR0MxPIu7aofsFOkl8NIQ6NtBN1FuoB4jc6SvYBD6VyrgWnmNTpqxK+/R6FaAze88n+ux9DWG+W/kMi89mJiyfdf497Jxh95p9RiPJ75n/gFTrxSF/7nxeFAqIDu3R0BcetpdXw4j0A3G+oR4IqpOuu8WBXfLXpnCnbfIjLocWGXxB6F6tztWCCYR0Te+xIQrQ0+eTSvoMelza3EcHRhvYGFg0TEREc8E3+CoC2yX0k98G8P3+5/AhC320DMNy8A0TqtAxLCHMrLXrgn7yqQFyxO28444hfon8x0Zv5zjK55vLXIz4UAMUflfR8QGI4QhQDfuymKoSqlMeRHwhMVrorOAEFbgzDZBuLntEPM8BAJnF0I8w5fUPW73dA+Phrtc3I/6Ghfwdjo6GdlMohrN+jHByBoQJAqTt/BM2OAhDa//vfvf/zxj99/Q4fAb/8HMkr+EbI7fvH//+9vFxe/8/d//uNX3P77r8fmiQQv21tcdZqc0UwG8HZhgzEeh+BPBDFBnKCy7HJs0SGPwpSAwM2EVZ6TDlpxBLRsKJYDl0j8+p7toNCJzhyS1So7Od5xChAlCbp+/AJ4nMaeFdYmj9M0FLrwoyFsA2WhaUPnQaywqtXmKEKS+EeRUcTUJJIXDBREFUBoCXTSxSTeYY8G5BQgqk94G/LKyiMDEHk0msqgOVmUh77vidvZv3TwyDI0tcsLhtOPDrhIDGX47hMqNoR0yngdACGXn0m8o7zZMnRfa6eTxiB+MQDCfJLnw/CuQy+2sY0OB9vovKs6iXQ7xEK8+pUx8GoRibKTS2efwl3yFAiMhND4OqGdDATFXuIQRhDiQ+jweNBbAs2/01ZCO+jLDcHRMOod7WK1wpYafThksMkoSaI6CWng2bCnPi3ecTIQFLpKrCZxVg8aRbKQOuBPSxzPS4aiCN77eF4GzEK4QRfu48oY/EmbSz3f6k3xjlOBwNv14rMhlhW3ABMBmUC9p+7R39LBvxy2e97qjMmQakqj2iJ4wZHQcKShpw876FKDNZHB1CoJkBzfTgUCKF93vS3Q7S4NRqJBifjgqKZAF79Xzy4teDfbkCnUZkbnBbx88YLjCYQKfEUI07QsDHz1B4DpG3ZHtOOBMPii4GYNOQ+84W213N9Y3T88RjQwR0RUTN8/3yfr0hyKNvOqeRa93ZAfUcYEiiFptJlIUD8SQoRdMTepjpQbxwOBCV4hfEuPW0ULqhpksyShndZmcWcGBNP1jy270l84DG19I/3bAURJGViVpBswxAACUmJ7ZK7ZiaQBdMDcK0SulaOXYGxKx0gaYUMctq7Utiat0WbGWjTKysxfOBySEHsgjbCPbsL5aZiOgIwIefMp7PJEIJLuxZQX0XNLThrKW1PkIM2SYRr4q4fRwqkl2R4qR+24vdFBOpSx58gxbQXXo4N5KDEhImI5XTlT7wpEIivB+1bccMIDZwz6XuXOmjyHbFl4svhuu6g7ZP1MZEdOvcAOs0S99Ec2HV7Pee7KQFecr1uCKSvcJzLn49qJQKS4G5vVpeHnaMgOqW7Cw/R4ZKL51S3KxEhG2N22kXGQqKkAVnD1q+KSUuv4lvDp2ayYW2l2wTHtRCC2KVHoQTuv5fT8D9CFxIoSO6K6aQe8Hbt+I7QTk4+AlRTJgbquQWZQz4uu3+s2yTc5pr0BiGF6cE5JkJ4umGtqP5Sh19AJeP2VyYxxmWACWgjzmSSBRiA0WVabDHzgcDrhwNeDn5zAnGfD/Fs0P/ZNcHihHQ8Ejv2+YSGN6UL8D7bJCwcDADYY11GvdWtdULCQDsrOUDzDKYG3yChTuWy6WjwaBq5Xs3+C05DcQGtJgEgzVQ9oJ46IqEYoDOjwm9K17zf5H2omgQrAKZy2idOSdA2J/qLaTHYF/y/T9+xFEeBQMinwJB9vaeogp714yqXbjRikRzLMNzNLLx2aPG8dJxWXmRH/AzftfK+ayz4lw+4ARNCWGIhBrjX6N/O4rULqsQ0j4/m0FydtzcQCQucUa+MNegT5ocU61oZluxP/Q2jGsZD0cNU85v0BPSCQIggIZqyeD2SYkw0yp0g199Q/UbpMek38Ap/shDkdp5IG2ZRF+u78oEVPrWL/Q2wtCrwqQ5GaYwK6R2IPEIRDjsaYLjAjuboc5J4gy8gxcTt9+Y0to516ZDsRCJwskTl6Pi8deLZR7d8djIUOWYUTmxlNoSpLNQuPRGCWfSAQhzACNI6tMNYLtFbMJWUiNSw6QTzRY2XwZnZ5Ll5tp5rhkOJBtFB69pDXVlTLS5hgUFSeBnRIEAVbQEdNgpEAYLaBIBwSrQGuLLZ2DezGdgVGhizToh+JTW46zvZvBz6LQ9vp/gim+6DfMRTiKyEnqgvb0jh4jO1tAVGmkUBsOlI9Xc6xy5/0x3Bj8v/6EXSai+pkD1VG9412Nam8wfojfYB6lCjkJWeds7GyBURdDXDg1E3sLClKQAZFy1aWCbxSkitcd4LMOB0Isvv6qR6g30BqeR6SLekVlvCbIaktETBGbLzJXRnrbOabF4KexcZ4kL+2oau3rUBAlwOsOIpS9J0fxLO2fEMHtdOAIJvZfwxumWMgPKeZN6XnEVlIyKfYT7Qa/IfOYMpXOLkC72URcAAeg8MoBAryDvqdkyfM/7d2OJGQ8hbz7N30iEuS9Dugxxx7cpGg1ACbqAwKuUmmM/lu10PtTxdZHXFgyoHLeSDQqjPOEVPsZ/jG2zsKrB4/j+M0IDBoZWlykundFZ66J76AdQRncxllQrn1OqkVONgq0aMV+8EL0wuow23K1LTSMO1aKQ6cDKfNHNBOA6IMERe4b+qaw7TbgYGeXSqJu1SCRCPWeOuZA+bR1JJnWDtdpUIUNfCBio4KXfoCQGQaSdfaO73+hXaqh6pkCsBZRekT7YosJE52ftWX7MlykkQG86DEXsmzFAcjsfOkYSChR1iYlWFSRn1kO3FEZGJ+oqTM/ciU/mDK2GBoovexjcSvmdfKvNDSsGXJUqBMXFL4UQxoHkkzWL+gUMBzAAj4hi7fyzHTZNg1FPA2h5nv1SdkGEryXwZ8u06YpBcnNHczzJouu9zIYKbiGppMbzlpELIpceQ0AZxPFkIFeQssHLWvqj7e7DoFCJiJWEv8oKQgLHQtxzA1DmXt0rnu7LMUJDBQjv6FopAUZZYPmv0OuktwUD3LypNTABxydP0FUWUxjY4TiLYE+6vtKCAoeI9mUG/KkjQOxvDEZpvo/Cn3M6Rm+J22KJi0iLW41gNGZhZNAGbzLBIGOB9IpefIwcCsCPEdtuUPVyiOAgKzaFGm6VpoY6vp5qZml4k4H1SKRG7Dz5pQYSDARsBOYMeB8w9wAGxD4v/ue6OgRuoiJLfmA+xtR5NGRZP4WxBgW1NTeWp31XiVkubJh9IAAQmsq0LcFHi/38xAQCc5sQzVlKqPQ8uXgpRlz3Nat1Wqh8WTLbkswVH9OhoIicqQKjE0eCOXzOuMZiB4DdJAs2gMFVgohzUPCHu1Rnlt0XRl7kJwi5JQkE2UroOTG4eDS7e1dZJdU27pj6XIMETi8NEA7VggMNHeyfxmPeBJVe83TMGoW7AnqJmu0agBtPKyoIjMJfg888JdJrlT4oLyA6rlcz0Axtqm1zk3QALTBOAGu6dSv9iOBSJkVwutp09GGrRuLNT/4Gz7niO2wCI6kBfjaoPJ6omiXXQNzmmwfrw41Ea6NHZX0nxBVeYwU8qI5zO21JmVx6nUB7YjgcB3yeoSssTSG9GGW44vlIyFHN7fwA6BhhOFMcMOArnVZT8BpvEsyGivNpS7eHGeeZsro0BwZXmeNI6XAkgvKcNAY+uoIXEwEFTbxiaafIzfahq+NWYCpXcnRVHnApWpWSNlJUBmbBhWyh05xS3LQStElVMQvLpMKA9v5HlSekCk1TKEqe1hCTQHA0G1baxKNHk90B+RbFKrAFOqvKQtQn+Au4ITq8WLIF1B2n6eN+Tbxi1QXQYt2NBLz0JclImCBPp7eqOmjISIAXTMNDjMJD+ONMDOinnWEPBNniNPyIYfC5695zkLM4LBqV9QLlnIocJ8RQlnDvPESoqOpb2KlQT4cZqEY4F5Uh7hzj4OCMxrTJ+lrG1Ww5j3Lx1Hcyq8d9hfSfeKLjHFoOHr9nKGThhmDvorAYBp/hoNfxoyjTHZgHWqLaP1pXYcELuzMEp6llARoCQTghwJPerRaToBaekJTk36Eot8YN+T6UUTzCsKpOAG16ZMov+sR+TXHQdETJTxXNsNBp7cubAtJrwl6Uy6pVED2h5sRu7aLywgHbM5Bf+B0CrHLIKwN+LFdS6vMTm/CsVJpFU245jorkS8F9pxQNTh4ugx6CmxFXsmkTOAWhPdl2XHb62hmH2LEhf8Vn0XCpi0qIZ6jMn1TadxUkjJyGIeFhBh9G9LQ6lBxip6jM9vdNmQM2YCJPT2pDX8CsnJYpoclCJ6X404SjiJ3IZL9IkYp63gN5cEy1WIdMHPLs+JT1i6Ze56DwEjjJyZRsLixeWQas4JBAXtdgFBDpO6eAkILUD0VZ4IRNbPTjoYCCgaqTekXJb4f+O1mHMCQS2SBuRZu55HTMI4ODpBArQSjYIoaY80qq4W0uhfvmLS8LI1JY3c9kiDxO42aTx9/YDtx4ekfR7T53RXQZyTgYjMUte1G3gGRTRWmTcGhFny0emoCV65KvW3QetUhOYlZlm7BtO0+szyu/T98WvEYfw5fH25WuUZxKf0EbpBClYVU1FND62e+IQX2/NGtiZJs9shPtF1TY6pPMybrXmwKfUYOr/4sOA2nU4DED9e7NobFSpvPvpRzurzUKEiL37PZREVKu0tDdUzTdCGd5ZN8S2FipwYKXCVKFQNkFMbh8E6fn0cRyJ5sWsnqNiRrl9RsTU7s9LOKH6pYKOSb0NkPVqiXvZWZJlvqdh2S8XO+ip27P1i59czAbHT6OpziS2jCwW+Nlk0Ih0ntPBcB4CkBa+ebilTEI2FdpfRxZUvk6sPja6dvU/4xZmA2DbDg5c99BJ27DDDwwG+Q2yG41jxdgpiCmonp5g5RMIFMzy4Oijrcq8ZXu0D4uvjuYGgljpm0Dtaol+GGRaSN81vBceMg2l9gwsAAuCYaTE7ddsxAzHvfY6ZqtvhmCkYKlvskhQpvzgrEImrTlNIq5cpsu2qq1OfhS46pPRMa6ySrYq676rDjKLoqusVUi7rl111WiTFYv2YAhE2/3hRrzrNeYuz1sSDm7Qt562tW0ioZtLxKPSct1gB/CZx3opXXJy3rRXbsrH2NedtwhY/7Pp+3hER3Pl6K0MMkQhuGG8fYvlirPRL7nyUFuTOp6NAyfAMFd35GqsrsGhN3PkW3fkmuPOzve78nTxivPhZQKD7xMuLWKGy1yTAw+H+dk+AB0cSnA4jhAM8dQjwUIXXrQCP4wCPpQDPkIXsBCJRqM4IRB0iSLoGS6HZ5Q6EkB8nXb4S8gMRKb3PiOmQu+GAkN/ltq/+HYGoYhA4eolTCPBDgsDZq0HgrGgkmZi0zDcFgd+ZNBQpg2BHotJTYDgeA+XVTeinjuXQ8bG7JAWmiGkBLfkuJC2g8udUlBZwmaYF9EST57l0Pp4a0gKq/J2ZJT4eJYoApdQN5vvln0TL2pkokhYHL7qQKMKju+zysFpASBRxaaJIb8oxJ80NE0WqqbTFNAFiHTavzyo+5dHZxEZfMRiKjdxlZ+pQkldcdFrydSvJLyzZuuqlDqVIvJI6BG4MpUOPUxw+fP6pQFBVRsNO5zZ9/buSyTCFgCRMQdNaQjKZi8lkRUgm6+ggTiZr1TY32pVM9mFn+5k8gg1gis5V/ZC47k1yoh5ieiFx+UKm96TphbjuhK2ZqUB6YZEggRqsOyC9cDcQP5VHUK8c1Yape0kSmHDaywQ1WZQwZZzmVO5YiAQaldQvkvlQmKfevpZwmtga7zciNFUSG2TRYzPBh19kmW0xBRkzyGMKMkvDnSnIjaQgExKIHnsm0Rxz1rp9Kch/B2nwNLzhSgGw7I542CCWp20nSek0SsBSERycv0o/Kd3bE7ZImep2UnqeJqVn/dz8xFP5QRjk+CeTBqRaAgb9LL7cmmSaAmwhHbxKpim4LOAA48NUjaNpCrXHxOAJAQmeppDkueOwSqYpNKmYnuwGIvjqPv4UIDTlNiQTNkoctIOJK8Q2t8OQ2NmOj8pkN2fOCskx4cAmmq1DztwmmbiiE9ahU+s7tKBavjwgTp+4UpBTRSa2lmIDSV4y5T7UAYjtqUxAJ1tAkLa6NZXJ8k3walU6lUlurI1TFx93tKdb/HglrPGmyW08mTOr20JgyHlyW27BIyPFlnByW6JkcT6t3gHEjsltSSGZ2mhv3mYyuY1tO2fblvRucnm95+Q2pFlhVqVEYICxh+mOujGibg6mOzZxuuM2EDzdUZKph9MdcWUmnu7o6aLqP0CLpVjec7ojT4CtUwlWUgro3gmwJSXjt+THpAmwO4AgQ7Xt0gmwNzuKr1MV+tQa9zqNeu8JsDIlOu/EyAxzk1+YEp17HZKrtPGU6B1AsMmuvcbtZEq03jslugoVpXki8jtPiY4TGIvMFeBSZMKstifJ2+1J8mg/7gNikLxJlVMSLzEX8QuT5HGWfjBU3m+SPD5kalF43aGQ7D4sm0CdGpRNSCtO5cjmAhD+nVIMVOpH9Eo4vV42QedNEzKH3q9sAkrNMG+v11i/adJCGqIYGG9WkVOpYIkbwPRGPfUSzSu8kum4kEbR1aJjYSENFwt9iurSb6GQxqfhnpfbWUur0Htsw2qWOaV4xdIq1pnMijaKU9542NAWpBF+k6bLjLH7SqvIAqF/Z2kVekyV8OYSnq7kvECswHRQsZ1P+UDSYZrdpwOK7aCvMJMp4X2G0Kv1eUR7e/klL7Q8Z4hz5SlD4tPr5ZcoDpqUX+pQF8uGB6p++SVd3HCNPC5z5G9ddKGexjuXX0p82KjCcEEuWYnPv64DCnJhqb8Q/dT4ag8pyFWFsl+sWnZ/X0GupERbFv7I9HQhXMiwy+ENpSXaRB54OsY4rhTWaWley4sl2uB6eAemB13ToCBFrQiP844K1bBoH0k/yhzr10Q6qGhfzXqWl5uHFe0TFzhZM3j9AgfjOxbto/cYFQlIwce8D6rH1w6YV9CWoCJT3Zm4fbuMY3Wj0zKO5Y11e8s4cqE6jJuVXVgo8R3LONLgzsI3xeu5UqLQ1srpEQh8/8PCnunhLfi3ksKeNDMppnUPrkyaFTq5c8thtfcs7Eltd6nX/gyOWnR/E3LggmPXwqIaZa/Uq8cwJ3hoCwFCIz6QRrrqWbVd6nWwhscR7bzFf/tRYVQOB8V/qZj6VvHf2mZbxX+5kAoariFd2aS+hjK8f25/Q/FfGpJpwYRhGpw8W/C24ItmqPzD7isH7frloHHI7ysHjYtGJhltf0M56K0C4YO62HFVb5yeQgXC25yVb5zvekCB8LzCSWD9OXtJkcaWXcVP7Kr9c72hcOBH+PmFPuAmm9sxrjj4yB67CezoLQ/z1pLxEYk0m96/q0+hip74J7w9LqOWKy+FHNxL8WU5lZaML41xL5eMNxznmT090noZj6SQwkJB37SGtTmW/ueTrKLEa+M84/flW4GoPlGdI5w6FpDoA6GDwpi9uoiAZw8tq9qwiECjdi8iINuSnIgAhG8Pf+IiKHg3XDb1h/oC/X/kdeyofVeC0wiXtnsTEDyXTpaV4P4JY5dqL4JPy/6JvctKYH7a68tKpMmmlSNxyXV46GkafO3/D358g2/3tGrOrfpC3Z7D1gfY/b2HyulASJOF0kmTRA6uiLvFxH3Qk6VgdlhoROLb1AUTNAWyGznDn2xZE/0PiTToSrY/QuZ645/lq3QO1635oNRn2vADPsb3nlN8p+DGgoG4PRMQ4tDPMdNNpIZUe6GGfJzTX0oIfMvSM9EmMGGiGnWWEvoLB+uYcQGGAsqVRv0grDRdU+Z6RXVPkfKfpaNXsKIhjn8E6C4+9gbHB1HNeYAIFdrKxuF6IiaP1V6wYUZlnb+8GFEX85rDYkS9g+saNYaQ+h9WmsaL1BkrFzjifec20Mm517qZIyIQyy/hegDY+HHALU8Xn8zdAl9rOEQp1V6ov5oyyfcsT0XvuPXDhOREXJ4qaQU4fk2qn4N5V6QjkB4lQwlZlh+JVRKFPNICUvDtno67B1Z59TzglqcrVCzEKkkixrgsJoqbXh4RzVffWrAsKbcfpE2yYJnkJcKoRxBQbQmdphQ2zJLgS0DWESzUOuoypIiZEl6ptKxw9YjPBcttzWnl2IRbnj4iAuvKLVXM2FYtUaY3snpbnu1Yws5GM0Qni+h4LQWPzawopvFasck8GkjIBbCw57jcHi5uiKoFUIQW7jgGVxBxh40wlLcC0QMFkssNEmx/ErNmFkfr+fX1X1nU0MqihuTGSmaKUWa6YuaAu3uJhihQTW2c4/FzDZ37+FneNWoLdOh3Xr3V9/wj716OZC3I8wHBzw3PZpx1BWecItOjKifySlOgWFnQUOU3Gy5ziXtwTgOyjZKB82Y+1l7KG1hOs1GDCZPwstdLYpXEK2Wp1xkNCt/z6YjW4Jv2ueVbgbiJ4kCkWwlTNQxTACYsFzILXIhckzdpqwQnlx0U3bHPHCigWpk6q00M6CQ2d5Z/ZbmIi0UjF1iEvc8kQ+Iytn1uecYRscsNQCnsMLyp6LG4Zch9pPsZ1XEpXMELyYoksGLPzrD1bNJn6eBMfnz0g4H2odo9DisTUotZE+ckDZju19cXmrg4MlLHlvuqtziyLYZY0hq6wmlUb6EaRVOkeqTxRcQD/EAZcu3p5cPk7suXWxwpEz3vARG55RmBgOoJroNAH/32TAI7jtpCQTN3BqdAuknn9U1rbA3LZdXnkkMAAAZzSURBVG8NqgAfyYs8q7nICs6Uypo87ytfqTUFpsWcOSi3bxtklSs02vu65V4g7mDp+Rksunx1pSaglc/8hskVLWF/tXWIv5Q3cfM/JpN//e7sv/8NfGINm2//9T+KVMbtMpPiAk7/91qsysjxkKrB9FRj6kGiJTWiDWQMMyIFkhLU5l9I6yYlE4jk26tATEarJawkDEt6wlrU16DBw8HX4/Foicvw+kPm8RBYu/pa5f8Fq1LfKV4kdozPczWcE+rEtyCm+xCIthMSAxDQ0zdYmi5k7/UbvX7s6B0zzbBw6/zHjGhnmRz78BoQ46XajK8iEAvQ4Plg9m6MV+khajGH2/7XyB9IJ/hxOi7zH6PllHxq8blr6fA+IIogjIoQp7A9MkBdakfZymRBUvgG/dTf19PxeHERNt4nxwZi3QfEYjS+nakIxHxzBWswp0BM+ZDFZLL0m+eLqafIv0ZqBkDMR/6E+Z+2nX9beJLFgP92Hov0UkDY4W4M/uvGNnXkjDJN4mxtHxAbWID9LgCxGF2tpuM+EJvb1WjuSWM1HvuuX8Ga83fkAvhNjdajyXjlx8z16K9/e31/JwOI2QWye0c4XyIaZc9LfnKq1N62l0d4NjiaXozu/Aj3QEw8j70bAIGHLASrKXGpyehiucz8IYvl6GrMYntF3WE5Wcd0dOm8jIYARFxpWiwYdNkGP4fLj61F91rbB8Ry7l/wejafT6awIP3kzrOYARB4yC0DsQGm4GljMvJj41/NaHLhqckDsVyVbj2aYXSDk3GrOIE8ZKcqSaljHJzmWFFYt5CysRmI//nHvdockk755eIh+XW/97gXFkeejuaLjbpY4ers4ys1vVVeGqK4GF8lh1yPvUBZry9g4em78fXVylvDU/unP2Gi1v/65+rXrLwe31VBalDtZOaFqfhMExvQy0Uz4cKr9/alpH5fL58n6uMfw2e+2wy33C+fV0nK7fRheMDrQJzcdJbGOwpjYmZyHmpHMxBtw6MdI6kh95wsKRwLZSzGoZtM8h5+AUXh//+mvi+untXHp8UX9X29fviyXD88XaunzZenBezyx9yP1fPz5knpW3WxuFO3+uJp8eRt0cVHNfv8eTP7HEMbZwWighc6jHcwIjgQcCXMSBqZhK4BCCqUwEVUDNvjaHb2p7aB5f1t+pD/9Xy9+v7XN0+w35fq/v5qsflwoadPanr/vPpy/fVh6rWJ+/l0tbmfqoelWs5mavkw+Xq9nN2PHx4vFk/XenEXieWsQNALHcQ7VOw0OntLl7EgpdTUUiU5FpLt39BK0zvXtnW1evix6ibPt5P8Fw+E76C6Xk+navygCIiJuv3wGaYl3K8uHp8JiPH6AYD4qB6/fPQ7b2/Hd+p5HB2ZZyeNEO8YzHgM61FKo6ndFL1HIFB30ukMJ6wLmfelJPmL9Z9Pz88f1+ruG3Tfv++7ewTCE8T4/tnTy4+HB42kcTH1f2ZembwaByDWsPN6eae+LM+ygPq+JvGOvq3YUCqpJAFQFjVnPtFWkph5mOFUJK67cBW49sfHv7564tcfHj8wEKvHx69qMX34vnz8BkBsVuvPvo/33z6vvqvl43SlFp8XAgTsfHj+8e3L84/Vq5rlGZCIJeGpdTLDybMRds7SgW1nMA1HggMVlQZgHBI9WuaF6t+By/o+bD5+Vb6/D0pfa//p5ddstsE96hrdEPfABHDnzO/EXRva6TeqzXUE2QPRi4WeCwlOcYBJWxjPAfcqLV0LFRCkTAQvX6NFZ6zrMGDYOZF5bkGuP0jQY6Ak8DH++vUFgXhc80CMtsTvW1rFpSEknT5vYNUIg6UkqH5pCOZy1lkeEo8AGmERupHcdt0aC5a3eOcMF4g9YaWAF9pUoZl8viYlZqsdC4lUCb23UgKBF8QOdSxtYku5beOjkAQ0c2Sy9SttrqKn9zwtiWMP5nX6DbzCWeu6RH54+aKTMF/TCW/xFkc/dxSUqnDeCVml+9vVyANx3iGRtKq2dctp55RXTysEd55QkmRc7Vz6yw+bCms7g48P10yk7bkh5eJntM0SgZi/XM/uLa0qgMAza6gyjO7yzJUU+NltM9F263stySM5LJbq2cwpGdaHtvEIgTg/Epf7Jgq0WCCdUjJ3eedJIhQ4v3U4A0FavgfDk9sMPJmKHHqT2Vkvne0Dghr10Wyth6B5HbSXMyXbT2cdG7MJuvj/F1YF7rLfqcdNAAAAAElFTkSuQmCC","Users will get 5% cashback on purchases on Paytm (recharge, utility, travel, movies + Mini app) with a maximum limit of INR 1500 per month. 
"
13,Skywards ICICI Bank Emerald Credit Card,"https://static.wixstatic.com/media/f836e8_eef333c5ecb24f3a95f8a4e927325443~mv2.webp/v1/fill/w_266,h_169,al_c,lg_1,q_80,enc_avif,quality_auto/emirates%20skywards%20icici%20bank%20emeralde%20credit%20card.webp","Users will get 10,000 Skywards Miles and Emirates Skywards Silver Tier membership as joining and annual benefits; These Skyward Miles can be used for the purposes booking Emirates tickets. Users will also earn up to 2.5 Skywards Miles per INR 100 on all categories. 
"
15,Yes Bank Wellness Credit Card,https://static.wixstatic.com/media/f836e8_a338bdee49ad41b6b8cf103db9337495~mv2.webp,"Users will get 10 reward points per INR 100 spent on Chemist/ Pharmaceutical stores, Medical cashback rate of 2.5%. 2 reward points per INR 100 spent on all other categories. Cashback rate: 0.5%. 10 reward points = 1 InterMile/1 Club Vistara point.
"
18,InterMiles HDFC Bank Signature Credit Card,https://static.wixstatic.com/media/2a565f_daf5aeb756e44821bc14e168f2071899~mv2.webp,"Customers get 2 InterMiles per Rs. 100 spent. 8 InterMiles on every Rs. 150 spent on retail spends. 
16 InterMiles on every Rs. 150 spent on every Hotel booked Interbook.intermiles.com.  2 InterMiles on every Rs. 150 spent on fuel. Effective cashback rate: 0.016%.  1 InterMiles on every Rs. 150 spent on dining, movies, and airport lounges.  
"
22,Axis Bank Miles And More World Select Credit Card,https://static.wixstatic.com/media/f836e8_ec766ef6e1f64ba89a647ec222b7d53f~mv2.webp,"Users will get 3 miles on spending INR 100 on all spends excluding EMI, wallet recharge, cash withdrawal, etc. These miles can't be converted into cash directly but can be used to book flights with partner airline companies. Value of 1 mile will depend on the flight being booked by you."
23,Shaurya Select SBI Card,"https://static.wixstatic.com/media/f836e8_43bd54bd72f24f6a87fd5d3dd9b9192d~mv2.webp/v1/fill/w_254,h_169,al_c,lg_1,q_80,enc_avif,quality_auto/SBI%20Card%20Shaurya%20Select.webp","A voucher worth INR 7,000 from Yatra or Pantaloons on achieving annual spends of INR 5 Lakhs"
26,MakeMyTrip ICICI Bank Platinum Credit Card,"https://static.wixstatic.com/media/f836e8_63823e15e89f412890fff2fffa26fcc3~mv2.webp/v1/fill/w_254,h_169,al_c,lg_1,q_80,enc_avif,quality_auto/MakeMyTrip%20ICICI%20Bank%20Platinum%20Credit%20Card.webp","User will get 1 MyCash on every INR 100 spent on flight booking. Value of 1 MyCash= INR 1. Flight booking cashback rate: 1%.
"
27,Business Gold Credit Card,"https://static.wixstatic.com/media/2a565f_2d7d67f688e9412588a263222f00a07e~mv2.webp/v1/fill/w_204,h_136,al_c,lg_1,q_80,enc_avif,quality_auto/business_gold_thumb.webp",1% cash back on air tickets booked through domestic airline websites (up to Rs 500 per statement)
28,MakeMyTrip ICICI Bank Credit Card,https://static.wixstatic.com/media/200895_707119bcd6394d799827eec071c26674~mv2.png,"Users will get 3% cashback on flight, bus and cab bookings, over and above the discounts on MakeMyTrip."
32,KVB Corporate Credit Card,https://static.wixstatic.com/media/2a565f_37d389a88a6f4dcdbacb83e86049525e~mv2.webp,"Ussers will get upto 10,000/- off on flight bookings at Yatra depending on the offer running."
34,IndusInd Platinum Aura Edge Credit Card,https://static.wixstatic.com/media/f836e8_a50ba7e80cec472da60634b49559f8be~mv2.webp,User will get 1.25% cashback on airline tickets if they have activated the travel plan on their card.
38,IndusInd Bank Avios Visa Infinite Credit Card,https://static.wixstatic.com/media/257766_3121253f8e784ffe9513aba7ead8fd66~mv2.jpg,"Welcome Benefit:   Cardholder can choose either choose complimentary membership to Qatar Airways Privilege Club or British Airways Executive Club; In case of British Airways, the cardholder will get 55,000 points; British Airways website and app; The value of 1 Avios varies and is not fixed, it depends on the flight you are using to book using the Avios; In the case of British Airways, the renewal benefit would be 10,000 reward points (no minimum spend requirement); 10% off for flight bookings made on www; British Airways website and App; Value of 1 Avios varies and is not fixed, it depends on the flight you are using to book using the Avios"
39,SpiceJet Axis Bank Voyage Credit Card,https://static.wixstatic.com/media/f836e8_6a18398d12714f788b6e4a980f94a2ce~mv2.webp,"Users will get 28 SpiceClub points (16 SpiceClub points as a Spice Club member and 12 Spice Club points on a card spent on every INR 200 spent on the Spice Jet app.  12 SpiceClub points for every INR 200 spent on online food order. 6 SpiceClub points for every INR 200 spent on all other domestic retail & international transactions(excl fuel, wallet, EMI transaction). 
"
42,Paytm SBI Card SELECT,https://static.wixstatic.com/media/f836e8_9be128b2fef44c3ca1a8aaa3d9bd7e7e~mv2.webp,"Reward System: Users will get 5% cashback on Paytm Mall, movies and travel (including flight tickets). "
43,SimplyClick Advantage SBI Card,https://static.wixstatic.com/media/f836e8_d2593645c32a4dd3ab935b4856fca7e0~mv2.webp,"10 point on spend of every INR 100 on Apollo 24x7/BookMyShow/ Cleartrip/ Dominos/ Myntra/ Netmeds/ Swiggy/ Yatra. Effective cashback rate: 2.5%
"
44,Federal Bank Scapia Credit Card,https://static.wixstatic.com/media/f836e8_c04c138ef7884c84b57d566a5c1da539~mv2.webp,Reward System- 10 scapia coins on all normal purchases and 20 scapia coins on all travel purchases through the scapia app . The value of 5 coins is INR 1. The effective cashback rate on normal transactions is 2% and the effective cashback rate on travel transactions is 4%.
46,Reliance SBI Card Prime,https://static.wixstatic.com/media/200895_b2c59e17ac7542fcbfa347193a2070d4~mv2.jpg,"5 points on spend of every INR 100 on dining, movies & entertainment, domestic airlines and international spending. Effective cashback rate: 1.25%. 
"
47,6E Rewards XL - IndiGo HDFC Bank Credit Card,"https://static.wixstatic.com/media/2a565f_41a8e745e6e24f68aadf0155382a9f24~mv2.webp/v1/fill/w_66,h_42,al_c,q_80,usm_0.66_1.00_0.01,blur_2,enc_avif,quality_auto/Indigo-6ERewardsXL.webp",Welcome Benefit: 1 complimentary flight ticket worth Rs; 5% 6E rewards points on IndiGo flight booking. 
48,Flipkart Axis Bank SuperElite Credit Card,https://static.wixstatic.com/media/f836e8_6551443f59524418b60e6b11c974a498~mv2.webp,"500 off on Myntra select styles, 15% off on Domestic flight booking via Flipkart Flights (Maximum discount of up to INR 1,500)"
49,KVB Honour Credit Card,https://static.wixstatic.com/media/2a565f_fc64c7797e97490690c0583583e29cfc~mv2.webp,"4x rewards on domestic and international travels, hotels and air tickets"
50,Air India SBI Platinum Card,"https://static.wixstatic.com/media/f836e8_d64dbf4b1f284b16b1404a1cf30a8212~mv2.webp/v1/fill/w_190,h_121,al_c,q_80,blur_3,enc_avif,quality_auto/Air%20India%20SBI%20Platinum%20Card.webp","Users can earn upto 15 reward points for every INR 100 spent on Air India tickets booked through airindia.com, airindia mobile app. (15 reward points when booked for self and 5 reward points when booked for others). Value of 1 reward point = INR 0.25. Air India travel cashback rate: 3.75%. 2 reward points for every Rs 100 spent on all other spends. General cashback rate: Rs 0.5%.


"
52,InterMiles HDFC Bank Diners Club Credit Card,https://static.wixstatic.com/media/2a565f_fb8a462539424fb7be762c6a6dd78c33~mv2.webp,"The value of 1 InterMiles = 1 Rs. Users will earn 8 InterMiles on every Rs. 150 spent on retail spending. Cashback rate: 5.33%. 16 InterMiles on every Rs 150 spent on every flight ticket booked on https://flights.intermiles.com. Cashback rate: 10.66%. 
"
56,HSBC TravelOne Mastercard Credit Card,,"Reward system:  Cardholders can earn 4 reward points for every INR100 spent on flights, travel aggregators and in foreign currency, capped at 50,000 reward points a month and earn 2 reward points for every INR100 spent on anything else, with no cap; These reward points can be converted into air miles at a ratio of 1:1; Cardholders will save 15% on domestic and international holiday Bookings at Yatra, EaseMyTrip, PayTM Travel and ClearTrip"
57,IndusInd Bank Club Vistara Explorer Credit Card,https://static.wixstatic.com/media/2a565f_29bcf3368f8f4981a1fb59dbf6251fd9~mv2.webp,"1 CV = Rs. 0.75. On spending Rs. 200, customers will earn 8 CV points on the Club Vistara website. Cashback rate: 3%. 6 CV points on hotels, airlines, and other travel-related categories. Cashback rate: 2.25%, 
"
60,SimplyClick SBI Card,https://static.wixstatic.com/media/f836e8_150b5ac8179a4e2fa56b34b949b3df68~mv2.webp,"Users will get 10 points on spending every INR 100 on Apollo 24x7/BookMyShow/ Cleartrip/ Dominos/ Myntra/ Netmeds/ Swiggy/ Yatra. Value of 1 point = INR 0.25. Effective cashback rate: 2.5%. 
"
61,IndusInd InterMiles Odyssey Visa Credit Card,https://static.wixstatic.com/media/257766_4e48da28b5414644a063f107de2f80d3~mv2.jpg, Users will also get 6 InterMiles on booking flights through InterMiles app / website. Value of 1 InterMiles is not exact it depends on the flight you are trying to book
62,AU Small Finance Bank ixigo Credit Card,"https://static.wixstatic.com/media/f836e8_5aed859a4f92417aba2cdb619de131ca~mv2.webp/v1/fill/w_266,h_169,al_c,lg_1,q_80,enc_avif,quality_auto/AU%20Bank%20Ixigo%20CC.webp"," 10% discount on flight, bus, and hotel bookings through Ixigo"
65,6E Rewards - IndiGo HDFC Bank Credit Card,"https://static.wixstatic.com/media/2a565f_b7189aaff2cc416e871b50a6514b7bc9~mv2.webp/v1/fill/w_370,h_234,al_c,lg_1,q_80,enc_avif,quality_auto/Indigo-6ERewards.webp",5% 6E rewards points on booking through IndiGo app/ website.
66,Emirates Skywards Rubyx Credit Card,https://static.wixstatic.com/media/f836e8_c3b9388422a7426da259175f54f911d5~mv2.webp,Users can earn up to 1.5 Skywards Miles per INR 100 for all categories.These Skyward Miles can be used for the purposes of booking Emirates tickets.
70,IRCTC RBL Bank RuPay Credit Card,https://d2e6x8l1x3qfpt.cloudfront.net/2024-08/irctc-rbl-bank-credit-card_1.jpg?VersionId=BLNTwj2cynlScoTFwCWtO_x1loOAgpU0,"Users will get 2 reward points per INR 200 spent on booking flights, hotels and cruises from the IRCTC website or app with a cashback rate of 0.25%"
71,PNB EMT RuPay Platinum Credit Card,https://static.wixstatic.com/media/200895_ba0507fb06974c77a988e7be3a2e9401~mv2.jpg,"1,000 off on domestic flight bookings and INR 5,000 off on international flight bookings"
74,InterMiles Voyage Amex Credit Card,"https://static.wixstatic.com/media/257766_ad98660b54704119b11f22cc79793131~mv2.png/v1/fill/w_345,h_230,al_c,q_85,usm_0.66_1.00_0.01,enc_avif,quality_auto/intermiles-card_Voyage_amex_front.png","Users will get 4 InterMiles on spending INR 100 through the credit card.  The value of 1 InterMiles is not exact it depends on the flight you are trying to book it varies from INR 0.17 to INR 0.50. Effective cashback rate: varies from 0.68% to 2%.
"
75,HSBC Taj Credit Card,https://static.wixstatic.com/media/200895_9df69c1c29e94c769e9946954c461bfb~mv2.png,Users can get up to 5% off on Emirates flights originating in India.
76,Marriott Bonvoy HDFC Credit Card,"https://static.wixstatic.com/media/2a565f_c9d3e185a99a4baf82e35a4bf2a4cd66~mv2.png/v1/fill/w_370,h_234,al_c,lg_1,q_85,enc_avif,quality_auto/Marriotte-Bonvoy-Brand-Credit-Card-264x167.png","4 Marriott Bonvoy points per Rs. 150 spent on travel, dining & entertainment. Cashback rate: 2%.
"
80,Axis Bank Vistara Credit Card,https://static.wixstatic.com/media/f836e8_33192baea492459287f46c925aa75480~mv2.webp,"Users will earn 2 points for every INR 200 spent. Points can be redeemed for air tickets. The estimated value as per MyRupaya is INR 1.25 for each point. Effective cashback rate: 2.5%.
"
85,Standard Chartered EaseMyTrip Credit Card,https://static.wixstatic.com/media/2a565f_daba8d422c5a4d5082eba479c92f5562~mv2.webp,"10% flat off on domestic & international flight bookings (capped at INR 1000 and INR 5000 respectively). 
"
89,Ola Money SBI Card,"https://static.wixstatic.com/media/f836e8_7e53787fcf6d4b75a1ebda0f0a460271~mv2.webp/v1/fill/w_190,h_121,al_c,q_80,blur_3,enc_avif,quality_auto/OLA%20Money%20SBI%20Card.webp",5% cashback on flight tickets booked through Cleartrip
93,Adani One ICICI Platinum Credit Card,https://static.wixstatic.com/media/200895_18861ba1815c47efbdde86bf359c284b~mv2.png,"3% reward points on booking flight through Adani One Credit Card.
"
96,Paytm SBI Card,"https://static.wixstatic.com/media/f836e8_a0a55fac3ed1407db92ed1dc741c5465~mv2.webp/v1/fill/w_190,h_121,al_c,q_80,blur_3,enc_avif,quality_auto/BPCLSBI%20Card%20.webp","Reward System: Users will get 3% cashback on Paytm Mall, movies and travel including booking flight tickets through PayTm."
97,Kotak IndiGo 6E Rewards XL Credit Card,https://static.wixstatic.com/media/200895_1ebbcfe6ed604c839493a49eea10b43a~mv2.png,Users will get 6 6E rewards for every INR 100 spent on IndiGo. Effective cashback rate: 6% (IndiGo spends).
102,RBL Bank Paisabazaar Duet Card Plus,"https://static.wixstatic.com/media/2a565f_0344937a987348d39c3c950c82a6d80a~mv2.webp/v1/fill/w_95,h_120,al_c,q_80,usm_0.66_1.00_0.01,blur_2,enc_avif,quality_auto/duet-card.webp","2.5% cashback on all dining & travel spends, including flight booking.
"
103,Yatra SBI Card,https://static.wixstatic.com/media/f836e8_7a554347c6e740f89c5bf9df9c1e21c7~mv2.webp,"Welcome Benefit: Users will get Yatra; INR 1,000 off on all domestic flight bookings; INR 4,000 off on all international flight bookings"
108,Reliance SBI Card,https://static.wixstatic.com/media/200895_a00f842356774acda7ac26ff6aee8dc6~mv2.jpg,"5 points on spend of every INR 100 on dining, movies & entertainment, domestic airlines and international spending. Effective cashback rate is 1.25%.
"
110,IndusInd ePay Amex Credit Card,https://static.wixstatic.com/media/257766_339881ac21964d96bca7e1a667cc94be~mv2.jpg,"Reward points can also be redeemed against air miles, 3 reward points = 1 air mile"
111,Etihad Guest SBI Premier Card,"https://static.wixstatic.com/media/f836e8_a69f27d17dbf495997be434763be1309~mv2.webp/v1/fill/w_190,h_121,al_c,q_80,blur_3,enc_avif,quality_auto/Etihad%20SBI%20Guest%20Premier%20Card.webp","Users will get 6 Etihad guest miles on every INR 100 spent on Etihad. 4 Etihad guest miles on every INR 100 spent on International spending. 2 Etihad guest miles on every INR 100 spent on other spend. and 1,500 Etihad Guest miles on annual spends of 15 lakhs. Users will get upto 10% (3% on Economy Class and 10% on Business Class) discount on direct Etihad Airways booking; Users will get 5% discount on travel rewards miles redemption"
112,InterMiles HDFC Bank Platinum Credit Card,https://static.wixstatic.com/media/2a565f_0e4cff54b21d4a0fbafc4f6533df74c2~mv2.webp, Customers can avail 5% discount on Etihad Airways Economy class tickets
115,Air India SBI Signature Card,https://static.wixstatic.com/media/f836e8_a34f9d186ddc4a2cb7654e6d52e58a25~mv2.webp,"Users will earn upto 30 reward points for every INR 100 spent on Air India tickets booked through airindia.com, airindia mobile app.  (30 reward points when booked for self and 10 reward points when booked for others).  Value of 1 reward point = INR 0.25. Points can also be converted into air miles. 1 point = 1 air mile. Air miles can be redeemed for air tickets. Air India travel cashback rate: 7.5%. 
"
118,Yes Prosperity Reward Plus Credit Card,https://static.wixstatic.com/media/f836e8_4ace3e2ee6064545ad88d156c40699cc~mv2.webp,"Users will get 4 reward points for every INR 200 on travel & dining spends with a cashback rate of 0.5%.
"
119,BOBCARD ETERNA,https://www.bobcard.co.in/_next/image?url=https%3A%2F%2Fmedia.bobcard.co.in%2F%2Fmedia%2Fabol2qea%2Feterna-shadow-19-feb24.png&amp;w=640&amp;q=75,"5X reward points on dining, travel and international spending. Cashback rate: 3.75%.
"
120,Yes Bank Card Anq Phi Credit  Card,"data:image/jpeg;base64,/9j/4AAQSkZJRgABAQAAAQABAAD/2wCEAAkGBxASEBUQERIVFRAWGBUVGBUVFRUVFxUVFRUWFxUWFRUYHSggGBolGxUVITEhJSkrLi4uFx8zODMsNygtLisBCgoKDg0OGhAQGy0mICUtLS8tLTAuLS8tLS0tLSstLS0tLS0vLS4tLS0tLS0tLS0tLS0tLS0tLS0tKy0tLS0tLf/AABEIAOEA4QMBIgACEQEDEQH/xAAcAAAABwEBAAAAAAAAAAAAAAAAAQIDBAUGBwj/xABDEAACAQIDBAgDBQYFAgcAAAABAgADEQQSIQUGMUETIjJRYXGBkQehsRRCUoLBM2JykqLRI1Oy4fAVwhckNENzg/H/xAAaAQADAQEBAQAAAAAAAAAAAAABAgMEAAUG/8QAKhEAAgIBBAEEAgICAwAAAAAAAAECEQMEEiExQQUTMlEiYRQzcYEjQrH/2gAMAwEAAhEDEQA/AOVgRQEICLAk2zcACKAgAltsDY/2hnzPkp00Z3e17WBKgDvOU+iseUlKSSthSKwCKAhqIsCTbDQkLFZYoCLCybYaCViFK6WNidBfS9rHiOMLLHAsUFiNnUNZYMsdyw8sG46hNWiVNja+nAgjUX4jSKxOGChTnVsyhurfq8eq3jp84MsGWLYKGMsVUoEBWNrNcixBIsbagaj1j9LDs18ovYFj4KOJjRWGwUMFYkrJAUX14Q8SiBiEJKXOUsLEjkSLmx9YykK0QysQVkgrEFY6YtEciIIj7CNkR0xWhhhEER5hEER0xWMkRBEdIiCI6FY0REkRwiIIjoURBFWghOLQCLAhCLAiNmwMTSpXFDZeQftsVUZvFaFPKlz5utQeRaTtmbPp/YsMatPMlWpV5lcg6S1SqWHDKlDnxz+EqN4KTCoqZTkoU6VDNY2zqudxfhfO76TK5qToeiqURYEfq4UqlNits+Yg5r3AIA6v3efneHhKLs4SmCXbqgDic2lh53iuSfIaGQIsLFFCDY8RpFKIjYaBTpliFAuToAOZ8IAsWBDAiNnUJywZY5lh5YtnUNZYMsdywWnWChnLElY/liSsNgoYKxNvaPlYgiMmLQwwjZEfYRthHTFaGGEbYR9hG2EomIyOwjbCPsI2wlExGMMIhhHmEaIjoVjRgfLlFr5tb8LW0y253439IoiIMdCiIIcEYBaiSMLWyMHyq1vusLqdOYjSAWOpzaWFtCNb3N9OXLnJOzsN0tanS/zKlOn/ADuF/WSkzajZ7WrZ8Thdm01CUlp4dKgOrkVAtaojvYXWzAmwFzx4Su2lt+nVqVkYO2Fa2RUbLqtQv0huCLuS1za9mHcJX7c2gzY6vXQ2JqVApH4RemP6PrK5RMu0dFni8eKrLZFQhQgN+qqi9gFA042vqfnIdMkG4NiOY0IiFEcURKS4Q12KtFAQARywvpw5XiNhCAigIYEWBEbDQRUcjfTutY90FooCByACTwAv7QWBjNasidtlX+IgfWBKyN2XU+TA/SSvhrsfA4tMdj9qIXoUVphQHdeu5aypkYFm0VQvMuJTfETdD/p4wzlDTbErUqmkTmFEZxlo5jqxVWUEnibz0FolXL5Mb1PPRZWiSswC1WHBiPImPptGsOFR/VifrB/CfhnfyF9G2IjbCZNds4gf+57hT9RHl2/W55T6f2MX+JNfQffiaMiJrMWN2JJ7ybmUa7wtzpj0JEcG3l5oR5ETv4+ReA+7EsWEaYSKNtUjyYeg/Qw/+pUT973Bh9ua8C7o/Y4wjbCD7VTPB194dweBv5RkmgDTCICE8JKoYVnvlViBxygm3twirARkwURRhxzMHRL3f89YdSv3a/SR2qt3yiFHsg/CPYQ5F6Ru8+8ENAss1llsHFJRxNOs97UyXFhfrqpNP+vLK5P+eMWslI2Di+PGOLELHVkZDIWojixCx1ZGTHQpRHAIlRHFk2whgRQEAEWBJsIQErt4q+TDt3t1B68fkDLMCZ3fLFjLTohRcFnLa3N7BQeVhZveV08d2RIlmlUGL3S3hwlKl9lx1Ou+EztWy0GCM9bKiUy5zDqoFYgA8X8I5v5j9mVkotgauNZgWDU8U+daakC3Rkk2uRrqeAmOgntnmAgggnHAgghzji1qrhUUVFJdiBakdcrcy5sLjuA4zb7L3W2biVLXqs4wtHEVRSqdirUVF6JAKdQm5FV26pygoNLGczhTqKZMm7wl/g32M3GpZ8DTpGupxbWLVgFNNQA1QGkyK3UDdvVWAuLXsGtofDqoiVatOrmpU6CVrsguzMC/RKabujEU7NmDEdYDiZjqOOrI61EqutRdFdXYMvHssDccTw75Y096seGz/a6zN1h16jVAcwAa4e4NwBx7h3TiZeYv4YbRR3phUdlvYKxvUCorMUFtbF1Q9zG0zlDBumKGHLLnzrTJRldbkgGzKSGtfl3S1we/u0aYUCvfKzOCwF71KyV6guNcrui5hwIuOBlXs458QXyhe0+VQQq3PBRyAvpFn8WNHtHqXZ2BoUKS4eiiimgAAt4cT3seJMqN6tzsLjUN1y1RwddGvy15+R+XGRN0N6qWLoqhZVxigB0JAzgC3SJ335jl9dCMRbq31nxObPmw53Z6EY7lweedq7MahUqYeoLOnz5qw8CJQmdF+KVek20AKZBdaVqluRLZgD42JNv3vGc7M+q083PHGT8oy5FToTBBBNAhaoLx5aZiMOOsPX6GSF/52f7TPJmxCcto4sViFsQPAfO8SsixkOrHVjSx1ZJjocWOCFTy2N75tMtrW4639IYkmMLEWBEiOPULEsxJY8SdSYjCATB7w18+Ic8gco/KLH53m3xNYIjOfuqT7Cc4diSSeJ195v0EOXIx6uXCQmCCCekYgQQQTjiTs3CGtWp0V41HVB+ZgP1nZNpbIwS03pV8Jh6dTKBTdBcEEhM2YqpBUkEg8ranWc5+HuA6XGi6JUCKzlHNlb7oHA37XC3KdSXA1kcpR6Gi1Wm4yBGKoiaCzBl6xaqNbcuGlz4vqWWskY7qpX3X/n6X0b9LjuDdGc3r3a2VTwdbEUcNWUKvUrK7GmXYhV0dyxW5GuW3dOUmdP8AiXjsmDpUAcQjOwLUqpLKFQcA5BDWYrwblOYzV6bv9m5Nu3xfPBn1CSnSAovoOPdJGIwNVESo9Nlp1M2RiCA+Q5WynnY6Ts27OxKNKhR6OlTOIcbOpF0Ia+LOJOIbK9z1kw4zPlNreUznxXxdNsLhQvCpiNo4hLW/Y1MQcjDwaxYeE9Agczl1sGnozeQ9uP6Slml2ZTy0l7zr76j5WkszqI+Ncj1JiHzKSCOBBsR4gyfX3rx4GQYqoBa3EX/mtf5yvTn5yLW4mZXjjL5JMvua6YrDOTUuxJJuSSbkk8yecgkSXhe2PX6SNU4n1lkTY3BBBHAXdJQDfW9j9DEBz3n3jYrmEDM7RqTLHHHregjamHizdx5CHYSTQ9i1MdQiNUqmU3sDx4i41FuHfHcNiCl7AG6ldQDoe6/A+MlJDJjimLDRinckAC5OgA4kngBNPszc6vVNmZUP4e0w8GGgB9ZGcox7GRRBosNL7a25eKoLmHXXwFj7XIPvM5miJqXQbK/ejE5cOV5uQvpxP0mLl7vXXvUVPwi/q3+wEop7Olhtxr9nnZ5XMEEEE0EQQ4aKSbAXJ4AakywpbCxbC60Kh/KR9YG0uwpWQEcg3BIPeDYyfhtu4um2ZMTWB4aVG4d1r8JqN26KYeiFqMqVqzFijMUcohKIAD1Tdul0PGVW/wCipjTRVQDSRFawAu5XO3DuLZfyyVxnLa0PTirTKra+2sTiirYiq1QqLLewsDx0AEr4IJWMVFVFUhG2+WXm7u82IwpsruaJVqZQMQUSqV6Y0CdKVRlXLnAvYmI3r26cbiTWyCnSVVpUqS9mjRpi1OmvlqfMmU0EIBSLcgd+k1NPRQO4W9tJndnJeoPDX2l8rcpnzPlIrjDB6xjGJGt++Lqnn3Qn1Emh2M4c9cRit2j5mOU9HHnG8R2j5mUQrG4IUKNQpPBiwYysWDIs0JlnWGt/CIVyOPvEYipZvQRQIIk2h7HwYXCNI1tDHWa4tpprw118fSTaGs1e41FQXxDcVK00P4XcMWbzCgj806bsrCLYMOM5huNiVZalA9q61VHM5QVcDxAIPkDOkbKxOUDuni66bjNpmiKuHHZp6ABXKwuDpOS7/wCx6NDF5iSiOrHQXu6i49DcD0JnWMHXDCcd+MO2VatlQg9GpN/FrBR56X/MJTRt5KRlT2tnIdp1s9Z28SB5DQfSRYcKfUpUqMLduwTQbt7tNieu5KUO8dp+8Jf6n5yBsLZxr1gn3B1mP7o/U8PWdDVTUb7NRPR00A6R10yL92mncxHPkPOTyza4Q+OF8sThnw1Bugw1IvV4FKS521/zHOg9T+kp239XMD0BIF+0wvYny+su9jbyYdMSuHwtNegpB6lSpyIpqScv4iTYZiZy2rULMWNrkk6aDU30EljxKTe5FJypcM1uy8X9u2vRqsCtJSjkGxtToLnINgBrlP8ANIOO2ZiMV0uN/wAyo7qp7TKWJJHgOA77SVuIlJRiK9Y5aYRaF+GuIbLx5aKdeQJl9XDUawQm9CpfoyeKMBfov4bar5Wjt7ZUgKNxtnNYJe714AJVFRR1X1Pgw4++h95RyydqyLVOgoJbbt7vYjHVuhw6Zm4sx7KDvYzsWzvgnhUpXxFao9TnlsqjyH+5kM2qx4U9z6GjByOMbIXVm8hLAtNRvpuOdmkNTYvQc8W4qTwBI4g2Pl7E5RjJRyxy/lHortcVTHS0YJt5Qg9oZaOkAUCCRI2J7Ri2IGsbxXaMdCsavBCvBGAS1aKzRkGKBk2iqZPxZ63oIVF9bRGMPWHkI2rSdDWTXPOOK0YY6Q6baRGhrJFDENTcOhKupBUg2sf1m02dv8AAK9I5h96kRZvEo1gD5G3hMEzQBpDLghk+SHU2ujfbS+ILspWgjLfm5H+kcfe3gZzvePFsy9Yks7XJOpNtSfe0kBpSbZq3qW/CAPU6/wBpTSaeEJfiieWb2kCCCCemYzY7qoKWGeuedz+VBoPe/wApJ2/i2w+BSne1bEXZzz6wBqD+pV8oxSIGzgf3behbrfUxv4hXzUT93K1vO4v+kh3IvdRIGxv8LA4vEc3CYZf/ALDnqf0pKCaDa/8Ah4DCUOBqdJiXH8TZKZ/lU+8z6gk2HEysfLJS8I0OM/wtl0KfOvVqVj/DTApp7ksfSXCYhquyhUOtSkQQTrrTbQ/y6e8pt9Tlr08ODph6NKl+cLmc/wAzH2lnh0KbLCHRqpsB/G+n9IvJvpP9jrtr9Bb1ANh83cyketx9DMfSpszBVF2YgAd5JsBNXvRUC0AvewHoLn/aZ/YmJWliqFV+wlWm7c+qrqToPARoWoiz+R6Z3F3bpbPwVOmoHStZqj21ZjqfTkPACaHF1OrIoxavTR1YFWykEEEEEaEEcRE4/EItNndwlNRdnY2AA8Z8bnzZckpxXbN0YJUzFfF/EKMDlPaLKB/Mp/7TOJEzT7+b0DG4m6X+z09EBuM/exHEA20HEAnvmVZp7/p+CWLClPt8kc0k3x4CYxJMBMQTPQSIgZoeJPWhOVsLXza37vC3zh1G1jIA1BFXhQgHAYoGNAxV4jRSybjD1h5CNBorGHregjdLUxKDZNLaekFJtIzUbTzilMWhrHHYevytCDRln1gDRaOsfzTP1qmZi3eby1xVWyH295TS+GNWyWR+AQQQS5I2GxHFXCdGTqAyeV9R9eMl1cIcdhEQf+ppEJY8cw6pB/iAB9plNjbRNF7nsHRh9CPKbHY+MorihWRrstN6tQqdBTpKWGYc2JAA5gE94kJpp2isWmuTN76VgcY6KepRCUF8BSUKf6gx9YzunhRVxtFW7IbO38NMF2v4WUysr1C7M7cWJJPixJ/vLfdLaCUK7M6lg1KollGY9YW4eVx6yjVRpCXcrHcLgXxuKqV2BFJqjOzHnmYnKvjy8Jd4iuKtUBf2NHQW4NUtbTwUaecarYmrVGRV6GjwI0zsO7TRB85X7T2itFeipdq1tOCD+8ny2PwiBvHjM9TKOymn5uf6D0lTBClkqVE27L/Ym+W0MInR0MQ4pckPWVb8coPZ9IMZvFjMW3/mK7uo1CE2QHvyDS/HXjKCTcGLLfvMlLFBPdSv7GjJ9WSSYgmETEkwJDBkxJMImJJjADJiS0BMSYQB5jBE3ghAOAxV42DDvFoayZi+0PIRVMWEJ6oNj4Rkvfyi0NY8Gub8osvaNLG2e8FHWOBorNGc0MNBQbLvZu6mJxuHq1qNiKTKCDzJBJ8rC3vM/U2RiAcvQuT3Kpb/AE3nStx8fUwtBSnF7uRe18x0vy7IEu8RRpYk9JRIo4jiU4Kx717pSE1HiXC+xJwbVx5OPjd7G2v9lrW/+N/7SFiMLUpm1RGQ9zKV+s7Rh9sYqg3R1n4cm/SKxu8GHrKadWkr301AmiailaZmxvJJ040cPmi3eS2FxLXs1ULRU2vpfPV0GtrBB+aXO29z6dS9TCdU/wCUTof4Ty8pk0xVaiTSYWKk3VgQQTx8pDcprg0uDg+S5w9enhKS02JL1M1QlRpluUQX4/dY+sQ+3qQGgc/T3PCUONxTVHLtxsB5BQAPpGIdi8i7i1xe3KjaKMg8NT78vSVZMKCMkkBuwQQ4UIASfT0AEhILmTCYkhohkwiYkmETFoIZMSTCvCJjADiSYLwiYTgXghXhzgChFBTFL2R6/W0MuIBg1T1PcPGdc3Y+EiPRWpjKrCowv0dMgBAeAZrElvKwHjOabrMpx2GVuya1Ma+LAD52nqCnSFzyM8f1TVZcO1Y/Jowxi02ziu+vwvr4VDXwrtVogEspt0ijmQVADC19LA+c5uDPXqKbWNiDPOPxV3fGDx7ZBalWvUUdx0zgepB/NH0GseVbZ9izjXKMiDDXU279I1eStnUg9QKSBxtfhfkL8tZ6RJcmrwuPQWF9ALD04SZT2sL+Hn+sxtfMjEHQiLpYsy7UZrkVboPg6dh9ppXTo6irUXkH4jycarKbGbLCv1CVB+6xB9A3OZfB7QKm97S7wu276MQw+nlfgZjlhljf4myOSM1yXmHRw18pt3C9h5SXtDdahjltVBSqBZao4jwYcGH/ADSUzYqmOslQqOPAG2puCPAWN7x7D7Vrjs4hR+QjmQNbHukbmnaKtQapkar8HK66nFU8vfkb53NvnIrfDekpynGhqncqW+ZMvX2tiiLPaovgwP0NxKvFtVYl9c181zfN790tDLkbqRCWCC5TKNt2KCMVYuxHeQPoJNobv4PS9K/f13/QyZUqsQCw65Nv/wB7uUfoK9zoDYkaai45XEbJKXhhxxj5Q/R3CwFVCwzIb2srknz6141iPg47i+FxKk8lrKV/rW/0l7gMcqAXY31JC8hwtqOPHgeYlkm9BUAi/qf7eUx79Qnwys8eNro4/vDubjtnkHFUcqE5VcMrKzWvYEHuB4ymJm7+KW8j4pqFIsSqBnt+81gPkD7zBXnoQcpJOXZhktroO8ECKSbAXMtMLQSnq2r/AE8oXwBKyNS2c51YhR7n2jo2cvMt6WH6S0xuCxNOmKzUKi0jwdlIHr3esqmqk8TJqTl0ym1LsDYOl++fzL/aD7DS73H8sYfEAcI0ap4x6YLiS/sFP8TfL+0KROlPfBDT+wXH6E1j2R4f9xjcJmvF0aZY2EYmEjkEEEgg3BGhBHAg8jPS+5m8y4/DpWVgKtgKiX4VAOtp8/IiedqeEUcdTLbYm1q2EqCpQbKeY5MO4j9Z5nqOmWqx7U6a6NGGWx8npyhXI4j2nJ/j6Uf7MFt0l2/lt1vmUjVD4t1AljQu9vxC1/O15hd4Nt1sZWNasRfgqjgo7h9b/pYTFoNPqMUlv6RTJt8FAMKe8RLrkPG8n2kHFjrT3ISt8maSpEg4jpFs3bHA94Hf4yLeIBhlpVKhd1jyvFrUIkcGLBhOTLrA4u+hMmjMCT36XBIsDx4cfKZ2mZc7PxpGh1EjOD7ReOReS6wDsSWAstuQ1UX7+Wst1xrAqyuDawBsFa4HDT685WYKpT+7mF+IFj9ZZYdQNVTX8TEDh4DjI/l5Q++JKqYNyWJHHQtxbnbXW3cfKFVUKLKAFJBPV1tY6XHpw/SE9Zri73I5CwEZqVOZIHiT/eJyyiddkFke1u7W/C/LT3+UYqJwObv0F9PU/wDNY/iMZSGrMW8v7mQG2qhYKiakgAk31JAH1jqMjnOJntsYfPWZ82mgAIvYAWte/nIH2PXU6eGk120sCovKCrTsYY5GZ5RV2RbECyiwnUvg5uUtY/b8Ut0BPRIw0JB7Z7+Bt785zfD0M7qnDMyrfuzED9Z6U2Si0cPSpILKqgTLrdT7ca+xseO+UP720qL4Z0qBejym9+FgCT9J5LNW87v8WNuNToCgCQ1UH1U6H5E+4nCsVh8uo4QemNyUpy8vj/QMy2pIbLQs0RAZ6pnFZocRBOOBNFuaqFq6uASaJtfv6RL+tjM5LjddrVmP7h+ZWSzr/jZXB/YiwpUEZspJXW17Zh7cfrNBgtxMTWGag1OoP3WAPqj5W9gZQ0R/iHzP1nXfhsNZgzZJQVovGKdmP/8AC/G20qUlPdU6Sn8ytpFr/DPao7FBKo76deif9TKflPRUym9YsLjQ940PvIR1clw1YkI72cQxO5O1KYu+DrDyCv8A6CZUYnZtVdKlGovg9Nl+onXtl4+sXymozL3Mcw9jebXBYGiwu1JD+Vf7RpaxxfRT2qVs8v1MEO4j/njI74M8iD8p6ufd/CHjRX2iBuvgr36BL99gT7mPH1B/RFwgeTnpsOIMQDPWT7n7OPHC0T501P6Su2j8Otk1VKnB0l8aYNNv5kIMqvUY/wDZCbF4Z5hWoRJFLF2nT96vhPRpAvhq7qPwVAHHowsR85zbHbFr0iQQGtzU3+R1mvHqceRfiwSxSXaJeH2nbgQJa7Pxxc6NwF5j2UjiCD4i0sdh40U6nWPVYWv3HkY+W9jrs1em+1/Kx+78b5+v9mupUyzBRxJmp2Zu/h3UiopduZzMPYAzO7KqAVVPI6X5ajTWbzZ1AqpJ4nl4T5b1DUZMfEW0fderLHOKi0n9HPd893xhctWmSaLHLrqUbU2vzBtp5Sj2WbVlOhA63sNPmRN58TcWiYLIT16jplHPqnMx9hb1ifgdhMxxWJIBAFOktwDqczvx8Oj956eh1U5aP3MnfX+T4jVY4xzbYGbxVRn4AmV52TiHPVpMZ1PerG1QSFdlHcpy/SVGyGJYXJPmbxlndWkL7XNMz+xtwNo1GWoiBcpVgWtxBuLhit+HfOo7T20MKgNYIGAHVJZ7m3cgI9zLvYv7MTCfEvnMzyvNJKSCo7bowu8+2ExVZq5VmqHS7aAKOChQTYDXmOMxe1m4ecu2lFtXlPVwJJpIz5OiBCggmwzggggnBDymWOw2IqHy/USFeTtkdv0/WTyP8WNDiSLjDdqdd+G/Gcjwo60658OOM8rVfE2Y/J04cJlt7OzNQOEy29nZmBdoXB8jHbL/AGk6Ls3sic62X+0nQ9mHqiNm7Ly+JaCKWNiLWTRkYuIeKiHM5gRmN6OwZxrbXbM7JvQeoZxvbXbM16U1T+KIuFpqxswBHcQD9Zf4XcjBYgdlqbH71Nrf0tdflKLBcRN9u+2gmjLklDmLFhFS7RldofCbFAXw2JR1/DUzU28LFbgn2jdXam3sDTyV8MXVdBUKGoAB3vTNj669869hm0k6k0yz1O9VmipL9lPbceYSaPLW1dr1sVU6Ss+d+AAsAB+FVHCd/wDhjsR8JstFqrlq1C1VlPEZ7ZARyOULpyJM0qbOodJ0vQ0+l/HkXN/Na8k1zpGz6tZMaxwjSIQxtTtu2c73q7RlfsXtCT96u0ZX7G7Qgj8DQ/kdO2N+zEwvxK5zcbFP+GPKYf4lSOH+wV9s5W8otq8pevKPafKe3i+RkydFdaC0VBNRnE2gioIQipO2P+09IcElP4seHyRdYXtTrXw54wQTy9V8TXjOnDhMtvZ2YIJ567QMPyMdsz9pOh7M7IhQR8vZaXxLJY4kEEkjIxRjdSCCFgiZfejsGcc2z2zBBNelNU/iiNguIm82BwEEErn6OxGvw3CT6UEE85mjwS6cKvwggikPJzrentGV+xu0IcE3R+Az+R0vY37MTD/EmCCQw/2Al5OWPzlJtPlBBPbxdmPJ0V8EEE1EAQQQTjj/2Q==","Reward system: Users will earn 24 Yes Reward Points on every INR 200 spent on travel, dining, hotels and fast food; travel, dining, and grocery Cashback rate: 3%."
121,CITI Prestige Credit Card,https://static.wixstatic.com/media/2a565f_19e5141669c5492185328599d5def1d9~mv2.webp,Users can earn 5x ThankYou points on flights booked directly with airlines or on select car rentals booked through Citi. Cashback rate 5%.
126,Kotak IndiGo 6E Rewards Credit Card,https://static.wixstatic.com/media/2a565f_cbc0d575ffa640c9a5708350c102ece6~mv2.webp,"Reward System: Customers can avail of 3 6E rewards for every INR 100 spent on IndiGo. Effective cashback rate: 3% (IndiGo spends), 2% (Dining, Grocery, and Entertainment spend), and 1% (For other spends); 150 per pax on indigo tickets, and customers can even enjoy 6E Prime add-ons worth Rs"
127,Indian Navy VARUNAH Premium,https://www.bobcard.co.in/_next/image?url=https%3A%2F%2Fmedia.bobcard.co.in%2F%2Fmedia%2F01df1qhl%2Fnavy-varunah-card-design-01.png&w=640&q=75,"5X i.e. 15 reward points on travel, online, dining, and international spending. ( Effective cashback rate: 3.75%). (Maximum 2500 reward points per month).
"
129,SBI Card MILES,https://static.wixstatic.com/media/200895_c79e6551a9f44a148e425169a247c19d~mv2.jpg,"1 travel credit per INR 200 on other spends. 1 travel credit = INR 1 for air mile/hotel point. (General cashback rate: 0.50%.
"
131,ETERNA Credit card,"https://static.wixstatic.com/media/2a565f_ae50c76fdd554a4995d68452135434d1~mv2.webp/v1/fill/w_147,h_98,al_c,q_80,usm_0.66_1.00_0.01,blur_2,enc_avif,quality_auto/bob-eterna-credit-card-review-1024x682.webp","Customers can earn 15 reward points for every INR 100 spent on travel, international transactions, dining, and online shopping. (1 RP= 0.25). Effective cashback rate: 3.75%. 
"
132,Federal Bank MagniFi Credit Card,https://static.wixstatic.com/media/2a565f_cce93c2d100142c68d7f5e1342e41733~mv2.webp,"4x rewards on weekends on selected brands i.e. 20 Fi-Coins for every INR 100 spent. Effective cashback rate: 0.6%.
"
133,Skywards ICICI Bank Sapphiro Credit Card,"https://static.wixstatic.com/media/f836e8_7d566772da704be6a1064e495538f2e8~mv2.webp/v1/fill/w_190,h_121,al_c,q_80,blur_3,enc_avif,quality_auto/emirates%20skywards%20icici%20bank%20sapphiro%20credit%20card.webp","Welcome Benefits: Users will get 5,000 Skywards Miles and Emirates Skywards Silver Tier membership as joining and annual benefits; These Skyward Miles can be used for the purposes of booking Emirates tickets. Value of 1 Skyward Mile is not fixed."
134,Axis Horizon Mastercard Credit Card,"data:image/jpeg;base64,/9j/4AAQSkZJRgABAQAAAQABAAD/2wCEAAkGBxITEBUQEhIWFRUVDw8VFRUVEBUVFQ8VFRUWFxcVFxUYHSggGBolHRYVITEhJikrLi4uFx8zODMtNygtLisBCgoKDg0OGg8QGC0lHR8vLS0tLS0tLSstLS0tLS0tLSstLS0tLS0tKy0tLS0tLSstLS0tKy0tLS01LS0tLSstLf/AABEIAJYAzAMBIgACEQEDEQH/xAAcAAABBAMBAAAAAAAAAAAAAAAAAQIDBwQFBgj/xAA/EAABAwICCAQEAwQKAwAAAAABAAIDBBESIQUGBxMxUWFxIkGhsTJCgZHB0fAzUmJyFBVEgoOissLh8SNDkv/EABoBAAMBAQEBAAAAAAAAAAAAAAABAgMEBQb/xAAmEQEBAAIBAwMEAwEAAAAAAAAAAQIRAwQSMSFBURMiMkIFYZEU/9oADAMBAAIRAxEAPwCzbIsnEoKpBlkJyS6AahOui6AbZIU8lJdAMsiyddF0GZZGFPui6AZZNwqXEkLkEiwpMKlxJMXRAMsmkKS/T0Ubpmji4Du4BANLU0x9FFJpWBvxTxDvMwfisWTWaiHGrgH+Oz8CgaZ2DojAtNJrro5vGsh+jy72C2OjNMU9Q3HBMyQA2OF3wnqOI+qBpNhRgHVS4kl0BHhHJNLVLdJdAZ2JJiSbxNdJbP6pltBX6SigbjmkZG3m94aD2vxWmk160aONZF9CT7BUFrRpyWsqXzyuJu5wY0nKNl/C1o8svut7pDUGVmh4dKh1w+5lYcjGxzsMbxzv5jqEttph8rVk2k6MH9pv2ikP+1Ysm1TRo4Pkd2gd+NlRdHQSyh5jYXCOMvfb5WggX68Vs4tWJyGOxRhsjC9jjKLOYCxrn3Hygvz5YXcktn2YzzVrS7XaEcI53f3GD3csWTbHT/LTTHu9g/NVxR6rSPqn0u8a1zYy8OcHBkgBAuCQMs734WBU9NqXO5sT3kRtlE+bmvtC+MSFrX2Fxj3brEXQfbg7WTbKPloz9Zx+DViybY5vlpIx3lefYBc3NqaW0xn3mJ26Y9sbMLjJjDrOa4GzmDdyEkZ2Ay425RNeOGF8LGk2v1fywQDvjP8AuWJJtX0geG5b2iJ93LhUIaTix+HYy7TNJH/3Nb/LAwe4WLJr/pM/2tw7MjHs1cyiyFTjx+G8l1x0g7jWTfSQj2WJJrBWO41U5/x3/mtfZJZB/TnwnkrpXfFK895HH8VA5xPEk9ySiyRA7SwxBzmtva7mi9r2uQL2XawagMxNElSAC52JzGtLGYXYMLnl2TiTllbwO5LiEOcTxJP1SZZY32rtn6nUzR4p3klxAdvIWNIsy5sTlhxOdb5gw2WJHVxaOrYZaSo3rDlLmM247FjgOliPoVyJCabIR233r1EJAcxwIuOyXGtBqxpLe0UEl8zBHfu0YT6hbTfBU47WUXpu86hYrpOqYZOqY23O8Td4FBdISjRdzz3pLQbv60fRMHidWbtnZ7/D6OCu7afPRRQ0Wial744JHNDnRloMbIWhrC64PhxEX7XVY7VoXwaRZUxuLHPiY4OaS1zXsuwkEcDbCuJrK2WU4pZHyECwL3ucQOVyVFdWM7pKsjXbV6XQx3tDMHU85i/8hwPkjc25DSbWwuuTcDPguJdrJU2DQ5rWtaWta2NobGHXxBot4b4jfnlyC1OMniSe5KRDSY/LYv05UGVs28Ie1hY0ta1oaw3u0NAtbxHy81FJpOdzi900hcQATvHXIGYBN+CxAlQuSHB54XNhwzOX6uUiRKE1yBKAhOATaSABODU5rVK2NNrjhtDgRgWUIkGJDT6TELU0hZLo1G5iGeXGxykI5p738vusd7lLmzykK96iJQSug1Y1YfUkSOBEWK3Iym9sDT5XNm4vIvbfik5cstrC2W1mKgwXzjmkb2Bs4e5XXGVV9qJF/R6qqpMV2jdSRu4Y2EXa7uWuau0L/wBXVxz5eWS6Q81GZj+rKBz1GZO6aXSkpLpbIyQSvtsNFipYphxjmwno2Qfm0fdVEvQmuNEJqCeO2e6c5v8AMzxD2XntRk6uC/bo4JUgSpNyhKrG1Y2VPqKZlTNVMhEjQ5rMON+E8C7xAAnjZbWLZVSh5BqZpGho8TGADFcgtyB6LG9Txz02cVIlCtTTezSEQk0++EgBLcdi19vI3At3Cqyyvj5ceSbxaQrVIwJgU0YWrbCJY2LLihUUDVtKaNU9Hh49om0/RD6ZdJo/R7SMTuC0mnK1jXFsWdvm/JVcdR28nFhx47yrU1Nm8ePJa2aQlSSOublY0hWdeH1HLvwjeVESnOKYpeblQum1V1q/orRE9mKPe4yWnxtJdFe18jlFwyzPHJcyhCFgaL03HJpWJ0Z8L6SOI5W8YZcjPkQB9F3hd+jZUfoeo3dRFJ+7Kw/S4v6K8P0MiqxZchHyfrJND+6duSf+lK2ky/4Kplco32IpMSgLylDkjPdY5fded9NUe5qJYT8kr2/QHL0svQb781Tu06jwVxf5Sxsd9R4T7BKt+G+unJhKkalUup6P2caXdLo2nc1rbti3ZJdbxR+HgB0C62ks6MN4FvhOd8xxPUHj9VTWx7Sg3EsDpCMEoe0YrXDxY+o9VZlHpFseVyW+J1wHHD5m5++a8bnw7c7Fa9E1TBcuu/DZxGGzQbeRuefFecNa6Hc1s8Q4Nmfbq13iHoV6apajeEv3TrOawNJa0XAub5nLiqF2wSRnSj92RcRRCSzg4B4BuLjzthut+iv32f0eN9XGBTRqEKVhXqurBnU62tM5ainzRVVt/C3hz5/8Jz0ejx8s453Vs6/S5Ld202Hn1WjlkumF6je9K3bl5+qud3SSOWM8pz3qFxUvL5M9kJSIQkwCEIQAr30DJvaeGXM4oYyc8r2z9QqIVx7NajHQMF845JGceGeIf6lWLDn/AB26fCRknhvM+qkaAcwlEJ8yPsrcdoL00vS7tAhUuowvXB7V6S8MUwHwSOYezxcerVYIhWj100bvaGZo4iPGO7PF7AoqsMtZRRwTkxKCodzM0bpCWCQSwvLHjgR7EeYW8n180i4W/pBaP4WNbf0XMoCm4Y27sNs5tPVbxZ1TMRa1t661uwKwCU1F1Uki5UgKliF1A1K+XKw4e6rbbHOT1rImqMsI4e6gxqAvTC9LbLPntTukUTnqMuSEpMLybKXJqEIZWhCEIAQhCAFZmx6ou2oh5GOQfW7T+CrNdjspqsGkAy/7SKRvcizh/pKePllzfhVyxR2HADsnIRZbPIuezi1GFMMo5ppqG/vKHd3JMPVMkhDgWngQQexFimGraPNRur2BBdzz9pKmMU0kR4ske3/5JCxrrp9oNO3+sXOBDWyiN+I3wtJGFxNgTa4Wk0xo4wPDC9r7tvdt8syOBF/K4PmCs3o457krDulxKPEi6FdyTElDlFdOJsgTJI5/kFEXJpKEFc7QShIhCAhCEAIQhACEIQAhCEALaar1e6rYJP3Z479ibH0K1aydGU7pJo42C7nSNAt34oTlNyyvRyQjqmsOQ7BGS6XzdrEcFE9qy3BQvCyepthPasWULOkCxZAke3B7RqXwxS8i5h7HMexWs1iu+mic5lnRiNpfnaYPjDgWuIs61je3BddrfS46SQebQHj+6b+11x2jqSKWhk85Yw85uecDfivh+FoNrXHmVNdnFd4ucQhCTUoSISIBUiEIAQhCAEJWNJNgCTyAutrQ6s1kvwU8hHMtwj7ushNyk81qULtqHZlWP+N0cY6uLiPoPzXQ0OyqIWM0739GAMH3zKqY1hl1fDj+3+eqqE+GFzjZrS48mgk+ivSi1GoI+EAcechL/Qmy3lNSRxi0bGsHJrQ32VTjrmy/ksJ+ONqiaHU+ul+GneBzfZg/zWW9pNmVSf2ksbOYF3kew9VbkjrC/Ueqw5Qf87r9/L0T7Ix/7+TLxJHH0OzGlbnJJJJ0Baxvpc+q6fRGrtLTZwwhptYuN3OI5YnG6z4o7G9+IUiuYyezk5Oo5MvS5WnXHJGLomITYbTPpHLFlp3DyW7SLN6Uzc1Iw8liShda6Jp8ljTaPYfJGj+rHH1EYc0tPAgg/UWVb6t44pZ4wHHw7tzWgF/7QNxBpBvbMq6p9CtPAritadnb5XGaBwbIR4gbhr8uNxwKm410cPUYS6tVVVQ4HuZcHC9zbg3BsbXCjXXM2c197FjB1Mlx6Bbmg2VPOcs1ujG/ifyU9tdN6jin7K3QArqodmlGz4g55/icbfYWXQ0OrtNF8ELB1DRf7qphXPl1/HPE2oSj0HUy/s4JHdcBA+5W/odnNa/NzWRj+J1z9mq7WxtHABPVTjjmz/kc7+MVhQ7KRxlnJ6MaB6ldDQ7PKGPMxl55vcT6cF1qRXMI5c+r5sv2YVJoqGIWjiY3+VgCysIT0irTnuVvmksiyEhSIJCse9jkB83pbJObJfzHy/W/JG1XFI5txbyULmkc+4426g8UkchABOdye/n+ScZSBcgG7SeyDksSJpUUjycsjm3MdSh7sPlzv1sEF2pbouonyEcbcL+tk105Bta/UI2Xba3iRCFLpIkKEJpoSFIhApEiEJs6QpEIQREIQgqRCEJpIkQhAIgoQkZtk09ghCDnkl+iQ9kIQeiXHJIeyEIKhKAhCaPd/9k=","Reward system:  Cardholder shall earn 5 EDGE Miles on every INR 100 spent on Axis Bank Travel Edge website and on airline spends and 2 EDGE Miles for every INR 100 spent on other spends; The value of 1 EDGE Mile is not fixed, but can be redeemed for booking hotel, flight, etc"
135,AU Bank Zenith+ Credit Card,https://static.wixstatic.com/media/2a565f_5b66b20d52a44563bf328ea712bc60a0~mv2.webp,"Reward System: Users will earn 2 reward points for every INR 100 spent on travel, dining, and international spending; Effective cashback rate: 2% (on travel, dining, and international spending), and 1% for other spending"
136,KVB Platinum Credit Card,https://static.wixstatic.com/media/2a565f_d2771444229641ebb72d1b9a50cfee3c~mv2.webp,"2x rewards on domestic and international travels, hotels and air tickets, an effective cashback rate: 0.66%.
"
138,IndusInd Pinnacle Credit Card,https://static.wixstatic.com/media/257766_070f15e7f8744e88881492c5b2b43569~mv2.jpg,"Users will get 1.5 points on travel and airline transactions. Travel and airline transaction cashback rate: 1.125%. 
"
141,Axis Bank SpiceJet Voyage Black Credit Card,https://static.wixstatic.com/media/f836e8_a11be3b737a44ae2bbe1d1ef76cd09af~mv2.webp,"Users will get 12  SpiceClub points for every INR 100 spent on the Spice Jet app. Effective travel cashback rate:  12%.
"
143,Axis Bank Atlas Credit Card,https://static.wixstatic.com/media/f836e8_7e5fd6d013374b4ba126129167572fb9~mv2.webp,Users will get 5 EDGE Miles per INR 100 spend on travel; Effective travel cashback rate: 5%.
144,PREMIER Credit card,"https://static.wixstatic.com/media/2a565f_9210defd6dc3443e883c37ac68cfd744~mv2.webp/v1/fill/w_576,h_361,al_c,q_80,usm_0.66_1.00_0.01,enc_avif,quality_auto/PremierCard-01.webp","Users will earn 5X rewards i.e. 10 reward points for every Rs. 100 spent on Travel, Dining and Abroad (International spending). Effective cashback rate = 2.5%. 
"
146,KrisFlyer SBI Card,https://cardinsider.com/wp-content/uploads/2024/09/SBI-KRISFLYER-Co-Branded-Credit-Cards.webp,"Reward system:  Users will earn 5 KrisFlyer miles per Rs 200 spent on Singapore airlines group, 5 KrisFlyer miles per Rs 200 on international spends, and 2 KrisFlyer miles per Rs 200 on other eligible spends; These miles can not be exchanged against cash or credit rather they can be redeemed while booking tickets at the Singapore airline app."
148,Etihad Guest SBI Card,https://static.wixstatic.com/media/f836e8_cbddfcd6aee84bce81d47e3b3d78b770~mv2.webp,Users will get 3 Etihad guest miles on every INR 100 spent on Etihad ; Upto 10% off (3% on Economy Class and 10% on Business class) discount on direct Etihad Airways booking.
152,RBL Bank World Safari Credit Card,https://static.wixstatic.com/media/f836e8_01deb1a92b18461fbacf29f472ac15ec~mv2.webp,"5 Travel points for every Rs. 100 spent on Travel spends.Travel cashback rate is 1.25%.
"
153,Axis Bank My Wings Credit Card,https://static.wixstatic.com/media/f836e8_208592a95cb24c688017979443e4784e~mv2.webp,"Up to 20% cashback on bare fare domestic flight bookings (Capped at INR 2,000 per year); Maximum cashback of INR 500 per air ticket"
